kit,index_name,seq
TrueSight_Amplicon_i7,A701,ATCACGAC
TrueSight_Amplicon_i7,A702,ACAGTGGT
TrueSight_Amplicon_i7,A703,CAGATCCA
TrueSight_Amplicon_i7,A704,ACAAACGG
TrueSight_Amplicon_i7,A705,ACCCAGCA
TrueSight_Amplicon_i7,A706,AACCCCTC
TrueSight_Amplicon_i7,A707,CCCAACCT
TrueSight_Amplicon_i7,A708,CACCACAC
TrueSight_Amplicon_i7,A709,GAAACCCA
TrueSight_Amplicon_i7,A710,TGTGACCA
TrueSight_Amplicon_i7,A711,AGGGTCAA
TrueSight_Amplicon_i7,A712,AGGAGTGG
TrueSight_Amplicon_i5_2000/2500,A501,TGAACCTT
TrueSight_Amplicon_i5_2000/2500,A502,TGCTAAGT
TruSight_Amplicon_i5_2000/2500,A503,TGTTCTCT
TruSight_Amplicon_i5_2000/2500,A504,TAAGACAC
TruSight_Amplicon_i5_2000/2500,A505,CTAATCGA
TruSight_Amplicon_i5_2000/2500,A506,CTAGAACA
TruSight_Amplicon_i5_2000/2500,A507,TAAGTTCC
TruSight_Amplicon_i5_2000/2500,A508,TAGACCTA
TruSight_Amplicon_i5_3000/4000,A501,AAGGTTCA
TruSight_Amplicon_i5_3000/4000,A502,ACTTAGCA
TruSight_Amplicon_i5_3000/4000,A503,AGAGAACA
TruSight_Amplicon_i5_3000/4000,A504,GTGTCTTA
TruSight_Amplicon_i5_3000/4000,A505,TCGATTAG
TruSight_Amplicon_i5_3000/4000,A506,TGTTCTAG
TruSight_Amplicon_i5_3000/4000,A507,GGAACTTA
TruSight_Amplicon_i5_3000/4000,A508,TAGGTCTA
TruSight_Cardio_i7,N701,TAAGGCGA
TruSight_Cardio_i7,N702,CGTACTAG
TruSight_Cardio_i7,N703,AGGCAGAA
TruSight_Cardio_i7,N704,TCCTGAGC
TruSight_Cardio_i7,N705,GGACTCCT
TruSight_Cardio_i7,N706,TAGGCATG
TruSight_Cardio_i7,N707,CTCTCTAC
TruSight_Cardio_i7,N708,CAGAGAGG
TruSight_Cardio_i7,N709,GCTACGCT
TruSight_Cardio_i7,N710,CGAGGCTG
TruSight_Cardio_i7,N711,AAGAGGCA
TruSight_Cardio_i7,N712,GTAGAGGA
TruSight_Cardio_i5_2000/2500,E505,GTAAGGAG
TruSight_Cardio_i5_3000/4000,E505,CTCCTTAC
TruSight_One_i7,N701,TAAGGCGA
TruSight_One_i7,N702,CGTACTAG
TruSight_One_i7,N703,AGGCAGAA
TruSight_One_i7,N704,TCCTGAGC
TruSight_One_i7,N705,GGACTCCT
TruSight_One_i7,N706,TAGGCATG
TruSight_One_i7,N707,CTCTCTAC
TruSight_One_i7,N708,CAGAGAGG
TruSight_One_i7,N709,GCTACGCT
TruSight_One_i7,N710,CGAGGCTG
TruSight_One_i7,N711,AAGAGGCA
TruSight_One_i7,N712,GTAGAGGA
TruSight_One_i5_2000/2500,E502,CTCTCTAT
TruSight_One_i5_2000/2500,E503,TATCCTCT
TruSight_One_i5_2000/2500,E504,AGAGTAGA
TruSight_One_i5_2000/2500,E505,GTAAGGAG
TruSight_One_i5_3000/5000,E502,ATAGAGAG
TruSight_One_i5_3000/5000,E503,AGAGGATA
TruSight_One_i5_3000/5000,E504,TCTACTCT
TruSight_One_i5_3000/5000,E505,CTCCTTAC
TrueSight_Rapid_Capture_i7,N701,TAAGGCGA
TrueSight_Rapid_Capture_i7,N702,CGTACTAG
TrueSight_Rapid_Capture_i7,N703,AGGCAGAA
TrueSight_Rapid_Capture_i7,N704,TCCTGAGC
TrueSight_Rapid_Capture_i7,N705,GGACTCCT
TrueSight_Rapid_Capture_i7,N706,TAGGCATG
TrueSight_Rapid_Capture_i7,N707,CTCTCTAC
TrueSight_Rapid_Capture_i7,N708,CAGAGAGG
TrueSight_Rapid_Capture_i7,N709,GCTACGCT
TrueSight_Rapid_Capture_i7,N710,CGAGGCTG
TrueSight_Rapid_Capture_i7,N711,AAGAGGCA
TrueSight_Rapid_Capture_i7,N712,GTAGAGGA
TrueSight_Rapid_Capture_i5_2000/2500,E502,CTCTCTAT
TrueSight_Rapid_Capture_i5_2000/2500,E505,GTAAGGAG
TrueSight_Rapid_Capture_i5_2000/2500,E506,ACTGCATA
TrueSight_Rapid_Capture_i5_2000/2500,E517,GCGTAAGA
TrueSight_Rapid_Capture_i5_3000/4000,E502,ATAGAGAG
TrueSight_Rapid_Capture_i5_3000/4000,E505,CTCCTTAC
TrueSight_Rapid_Capture_i5_3000/4000,E506,TATGCAGT
TrueSight_Rapid_Capture_i5_3000/4000,E517,TCTTACGC
TruSight_Tumor_15_i7,R701,ATCACG
TruSight_Tumor_15_i7,R702,CGATGT
TruSight_Tumor_15_i7,R703,TTAGGC
TruSight_Tumor_15_i7,R704,TGACCA
TruSight_Tumor_15_i7,R705,ACAGTG
TruSight_Tumor_15_i7,R706,GCCAAT
TruSight_Tumor_15_i7,R707,CAGATC
TruSight_Tumor_15_i7,R708,ACTTGA
TruSight_Tumor_15_i7,R709,GATCAG
TruSight_Tumor_15_i7,R711,GGCTAC
TruSight_Tumor_15_i7,R712,CTTGTA
TruSight_Tumor_15_i7,R725,ACTGAT
TruSight_Tumor_15_i7,R726,ATGAGC
TruSight_Tumor_15_i7,R727,ATTCCT
TruSight_Tumor_15_i7,R728,CAAAAG
TruSight_Tumor_15_i7,R729,CAACTA
TruSight_Tumor_15_i7,R730,CACCGG
TruSight_Tumor_15_i7,R731,CACGAT
TruSight_Tumor_15_i7,R732,CACTCA
TruSight_Tumor_15_i7,R733,CAGGCG
TruSight_Tumor_15_i7,R734,CATGGC
TruSight_Tumor_15_i7,R735,CATTTT
TruSight_Tumor_15_i7,R736,CCAACA
TruSight_Tumor_15_i7,R749,GATGCT
TruSight_Tumor_15_i5_2000/2500,A501,TGAACCTT
TruSight_Tumor_15_i5_2000/2500,A502,TGCTAAGT
TruSight_Tumor_15_i5_3000/4000,A501,AAGGTTCA
TruSight_Tumor_15_i5_3000/4000,A502,ACTTAGCA
TruSight_RNA_Pan-Cancer_Panel,universal,AATGATACGGCGACCACCGAGATCTACACTCTTTCCCTACACGACGCTCTTCCGATCT
TruSight_RNA_Pan-Cancer_Panel,i1,GATCGGAAGAGCACACGTCTGAACTCCAGTCAC[6 bases]ATCTCGTATGCCGTCTTCTGCTTG
TruSight_RNA_Pan-Cancer_Panel,i2,GATCGGAAGAGCACACGTCTGAACTCCAGTCAC[6 bases]ATCTCGTATGCCGTCTTCTGCTTG
TruSight_RNA_Pan-Cancer_Panel,i3,GATCGGAAGAGCACACGTCTGAACTCCAGTCAC[6 bases]ATCTCGTATGCCGTCTTCTGCTTG
TruSight_RNA_Pan-Cancer_Panel,i4,GATCGGAAGAGCACACGTCTGAACTCCAGTCAC[6 bases]ATCTCGTATGCCGTCTTCTGCTTG
TruSight_RNA_Pan-Cancer_Panel,i5,GATCGGAAGAGCACACGTCTGAACTCCAGTCAC[6 bases]ATCTCGTATGCCGTCTTCTGCTTG
TruSight_RNA_Pan-Cancer_Panel,i6,GATCGGAAGAGCACACGTCTGAACTCCAGTCAC[6 bases]ATCTCGTATGCCGTCTTCTGCTTG
TruSight_RNA_Pan-Cancer_Panel,i7,GATCGGAAGAGCACACGTCTGAACTCCAGTCAC[6 bases]ATCTCGTATGCCGTCTTCTGCTTG
TruSight_RNA_Pan-Cancer_Panel,i8,GATCGGAAGAGCACACGTCTGAACTCCAGTCAC[6 bases]ATCTCGTATGCCGTCTTCTGCTTG
TruSight_RNA_Pan-Cancer_Panel,i9,GATCGGAAGAGCACACGTCTGAACTCCAGTCAC[6 bases]ATCTCGTATGCCGTCTTCTGCTTG
TruSight_RNA_Pan-Cancer_Panel,i10,GATCGGAAGAGCACACGTCTGAACTCCAGTCAC[6 bases]ATCTCGTATGCCGTCTTCTGCTTG
TruSight_RNA_Pan-Cancer_Panel,i11,GATCGGAAGAGCACACGTCTGAACTCCAGTCAC[6 bases]ATCTCGTATGCCGTCTTCTGCTTG
TruSight_RNA_Pan-Cancer_Panel,i12,GATCGGAAGAGCACACGTCTGAACTCCAGTCAC[6 bases]ATCTCGTATGCCGTCTTCTGCTTG
TruSight_RNA_Pan-Cancer_Panel,i13,GATCGGAAGAGCACACGTCTGAACTCCAGTCAC[6 bases]CAATCTCGTATGCCGTCTTCTGCTTG
TruSight_RNA_Pan-Cancer_Panel,i14,GATCGGAAGAGCACACGTCTGAACTCCAGTCAC[6 bases]GTATCTCGTATGCCGTCTTCTGCTTG
TruSight_RNA_Pan-Cancer_Panel,i15,GATCGGAAGAGCACACGTCTGAACTCCAGTCAC[6 bases]GAATCTCGTATGCCGTCTTCTGCTTG
TruSight_RNA_Pan-Cancer_Panel,i21,GATCGGAAGAGCACACGTCTGAACTCCAGTCAC[6 bases]GAATCTCGTATGCCGTCTTCTGCTTG
TruSight_RNA_Pan-Cancer_Panel,i16,GATCGGAAGAGCACACGTCTGAACTCCAGTCAC[6 bases]CGATCTCGTATGCCGTCTTCTGCTTG
TruSight_RNA_Pan-Cancer_Panel,i19,GATCGGAAGAGCACACGTCTGAACTCCAGTCAC[6 bases]CGATCTCGTATGCCGTCTTCTGCTTG
TruSight_RNA_Pan-Cancer_Panel,i18,GATCGGAAGAGCACACGTCTGAACTCCAGTCAC[6 bases]ACATCTCGTATGCCGTCTTCTGCTTG
TruSight_RNA_Pan-Cancer_Panel,i20,GATCGGAAGAGCACACGTCTGAACTCCAGTCAC[6 bases]TTATCTCGTATGCCGTCTTCTGCTTG
TruSight_RNA_Pan-Cancer_Panel,i27,GATCGGAAGAGCACACGTCTGAACTCCAGTCAC[6 bases]TTATCTCGTATGCCGTCTTCTGCTTG
TruSight_RNA_Pan-Cancer_Panel,i22,GATCGGAAGAGCACACGTCTGAACTCCAGTCAC[6 bases]TAATCTCGTATGCCGTCTTCTGCTTG
TruSight_RNA_Pan-Cancer_Panel,i23,GATCGGAAGAGCACACGTCTGAACTCCAGTCAC[6 bases]ATATCTCGTATGCCGTCTTCTGCTTG
TruSight_RNA_Pan-Cancer_Panel,i25,GATCGGAAGAGCACACGTCTGAACTCCAGTCAC[6 bases]ATATCTCGTATGCCGTCTTCTGCTTG
TruSight_RNA_Pan-Cancer_Panel_A,AR001,ATCACG
TruSight_RNA_Pan-Cancer_Panel_B,AR002,CGATGT
TruSight_RNA_Pan-Cancer_Panel_B,AR003,TTAGGC
TruSight_RNA_Pan-Cancer_Panel_A,AR004,TGACCA
TruSight_RNA_Pan-Cancer_Panel_A,AR005,ACAGTG
TruSight_RNA_Pan-Cancer_Panel_A,AR006,GCCAAT
TruSight_RNA_Pan-Cancer_Panel_A,AR007,CAGATC
TruSight_RNA_Pan-Cancer_Panel_B,AR008,ACTTGA
TruSight_RNA_Pan-Cancer_Panel_B,AR009,GATCAG
TruSight_RNA_Pan-Cancer_Panel_B,AR010,TAGCTT
TruSight_RNA_Pan-Cancer_Panel_A,AR011,GGCTAC
TruSight_RNA_Pan-Cancer_Panel_A,AR012,CTTGTA
TruSight_RNA_Pan-Cancer_Panel_A,AR013,AGTCAA
TruSight_RNA_Pan-Cancer_Panel_A,AR014,AGTTCC
TruSight_RNA_Pan-Cancer_Panel_A,AR015,ATGTCA
TruSight_RNA_Pan-Cancer_Panel_A,AR016,CCGTCC
TruSight_RNA_Pan-Cancer_Panel_A,AR018,GTCCGC
TruSight_RNA_Pan-Cancer_Panel_A,AR019,GTGAAA
TruSight_RNA_Pan-Cancer_Panel_B,AR020,GTGGCC
TruSight_RNA_Pan-Cancer_Panel_B,AR021,GTTTCG
TruSight_RNA_Pan-Cancer_Panel_B,AR022,CGTACG
TruSight_RNA_Pan-Cancer_Panel_B,AR023,GAGTGG
TruSight_RNA_Pan-Cancer_Panel_B,AR025,ACTGAT
TruSight_RNA_Pan-Cancer_Panel_B,AR027,ATTCCT
TrueSight_Rapid_Capture_i7,N701,TAAGGCGA
TrueSight_Rapid_Capture_i7,N702,CGTACTAG
TrueSight_Rapid_Capture_i7,N703,AGGCAGAA
TrueSight_Rapid_Capture_i7,N704,TCCTGAGC
TrueSight_Rapid_Capture_i7,N705,GGACTCCT
TrueSight_Rapid_Capture_i7,N706,TAGGCATG
TrueSight_Rapid_Capture_i7,N707,CTCTCTAC
TrueSight_Rapid_Capture_i7,N708,CAGAGAGG
TrueSight_Rapid_Capture_i7,N709,GCTACGCT
TrueSight_Rapid_Capture_i7,N710,CGAGGCTG
TrueSight_Rapid_Capture_i7,N711,AAGAGGCA
TrueSight_Rapid_Capture_i7,N712,GTAGAGGA
TrueSight_Rapid_Capture_i5_2000/2500,E502,CTCTCTAT
TrueSight_Rapid_Capture_i5_2000/2500,E505,GTAAGGAG
TrueSight_Rapid_Capture_i5_2000/2500,E506,ACTGCATA
TrueSight_Rapid_Capture_i5_2000/2500,E517,GCGTAAGA
TrueSight_Rapid_Capture_i5_3000/4000,E502,ATAGAGAG
TrueSight_Rapid_Capture_i5_3000/4000,E505,CTCCTTAC
TrueSight_Rapid_Capture_i5_3000/4000,E506,TATGCAGT
TrueSight_Rapid_Capture_i5_3000/4000,E517,TCTTACGC
TruSight_Autism_i7,N701,TAAGGCGA
TruSight_Autism_i7,N702,CGTACTAG
TruSight_Autism_i7,N703,AGGCAGAA
TruSight_Autism_i7,N704,TCCTGAGC
TruSight_Autism_i7,N705,GGACTCCT
TruSight_Autism_i7,N706,TAGGCATG
TruSight_Autism_i7,N707,CTCTCTAC
TruSight_Autism_i7,N708,CAGAGAGG
TruSight_Autism_i7,N709,GCTACGCT
TruSight_Autism_i7,N710,CGAGGCTG
TruSight_Autism_i7,N711,AAGAGGCA
TruSight_Autism_i7,N712,GTAGAGGA
TruSight_Autism_i5_2000/2500,E502,CTCTCTAT
TruSight_Autism_i5_2000/2500,E505,GTAAGGAG
TruSight_Autism_i5_2000/2500,E506,ACTGCATA
TruSight_Autism_i5_2000/2500,E517,GCGTAAGA
TruSight_Autism_i5_3000/4000,E502,ATAGAGAG
TruSight_Autism_i5_3000/4000,E505,CTCCTTAC
TruSight_Autism_i5_3000/4000,E506,TATGCAGT
TruSight_Autism_i5_3000/4000,E517,TCTTACGC
TruSight_Cancer_i7,N701,TAAGGCGA
TruSight_Cancer_i7,N702,CGTACTAG
TruSight_Cancer_i7,N703,AGGCAGAA
TruSight_Cancer_i7,N704,TCCTGAGC
TruSight_Cancer_i7,N705,GGACTCCT
TruSight_Cancer_i7,N706,TAGGCATG
TruSight_Cancer_i7,N707,CTCTCTAC
TruSight_Cancer_i7,N708,CAGAGAGG
TruSight_Cancer_i7,N709,GCTACGCT
TruSight_Cancer_i7,N710,CGAGGCTG
TruSight_Cancer_i7,N711,AAGAGGCA
TruSight_Cancer_i7,N712,GTAGAGGA
TruSight_Cancer_i5_2000/2500,E502,CTCTCTAT
TruSight_Cancer_i5_2000/2500,E505,GTAAGGAG
TruSight_Cancer_i5_2000/2500,E506,ACTGCATA
TruSight_Cancer_i5_2000/2500,E517,GCGTAAGA
TruSight_Cancer_i5_3000/4000,E502,ATAGAGAG
TruSight_Cancer_i5_3000/4000,E505,CTCCTTAC
TruSight_Cancer_i5_3000/4000,E506,TATGCAGT
TruSight_Cancer_i5_3000/4000,E517,TCTTACGC
TruSight_Inherited_Disease_i7,N701,TAAGGCGA
TruSight_Inherited_Disease_i7,N702,CGTACTAG
TruSight_Inherited_Disease_i7,N703,AGGCAGAA
TruSight_Inherited_Disease_i7,N704,TCCTGAGC
TruSight_Inherited_Disease_i7,N705,GGACTCCT
TruSight_Inherited_Disease_i7,N706,TAGGCATG
TruSight_Inherited_Disease_i7,N707,CTCTCTAC
TruSight_Inherited_Disease_i7,N708,CAGAGAGG
TruSight_Inherited_Disease_i7,N709,GCTACGCT
TruSight_Inherited_Disease_i7,N710,CGAGGCTG
TruSight_Inherited_Disease_i7,N711,AAGAGGCA
TruSight_Inherited_Disease_i7,N712,GTAGAGGA
TruSight_Inherited_Disease_i5_2000/2500,E502,CTCTCTAT
TruSight_Inherited_Disease_i5_2000/2500,E505,GTAAGGAG
TruSight_Inherited_Disease_i5_2000/2500,E506,ACTGCATA
TruSight_Inherited_Disease_i5_2000/2500,E517,GCGTAAGA
TruSight_Inherited_Disease_i5_3000/4000,E502,ATAGAGAG
TruSight_Inherited_Disease_i5_3000/4000,E505,CTCCTTAC
TruSight_Inherited_Disease_i5_3000/4000,E506,TATGCAGT
TruSight_Inherited_Disease_i5_3000/4000,E517,TCTTACGC
Nextera_DNA_i7,N701,TAAGGCGA
Nextera_DNA_i7,N702,CGTACTAG
Nextera_DNA_i7,N703,AGGCAGAA
Nextera_DNA_i7,N704,TCCTGAGC
Nextera_DNA_i7,N705,GGACTCCT
Nextera_DNA_i7,N706,TAGGCATG
Nextera_DNA_i7,N707,CTCTCTAC
Nextera_DNA_i7,N708,CAGAGAGG
Nextera_DNA_i7,N709,GCTACGCT
Nextera_DNA_i7,N710,CGAGGCTG
Nextera_DNA_i7,N711,AAGAGGCA
Nextera_DNA_i7,N712,GTAGAGGA
Nextera_DNA_i7,r1_transposase_primer,CAAGCAGAAGACGGCATACGAGAT[i7]GTCTCGTGGGCTCGG
Nextera_DNA_i7,r2_transposase_primer,AATGATACGGCGACCACCGAGATCTACAC[i5]TCGTCGGCAGCGTC
Nextera_Index,i1_primer,CAAGCAGAAGACGGCATACGAGAT[i7]GTCTCGTGGGCTCGG
Nextera_Index,i2_primer,AATGATACGGCGACCACCGAGATCTACAC[i5]TCGTCGGCAGCGTC
Nextera_XT_i7,N701,TAAGGCGA
Nextera_XT_i7,N702,CGTACTAG
Nextera_XT_i7,N703,AGGCAGAA
Nextera_XT_i7,N704,TCCTGAGC
Nextera_XT_i7,N705,GGACTCCT
Nextera_XT_i7,N706,TAGGCATG
Nextera_XT_i7,N707,CTCTCTAC
Nextera_XT_i7,N708,CAGAGAGG
Nextera_XT_i7,N709,GCTACGCT
Nextera_XT_i7,N710,CGAGGCTG
Nextera_XT_i7,N711,AAGAGGCA
Nextera_XT_i7,N712,GTAGAGGA
Nextera_XT_i7,r1_transposase_primer,CAAGCAGAAGACGGCATACGAGAT[i7]GTCTCGTGGGCTCGG
Nextera_XT_i7,r2_transposase_primer,AATGATACGGCGACCACCGAGATCTACAC[i5]TCGTCGGCAGCGTC
Nextera_Enrichment_i7,N701,TAAGGCGA
Nextera_Enrichment_i7,N702,CGTACTAG
Nextera_Enrichment_i7,N703,AGGCAGAA
Nextera_Enrichment_i7,N704,TCCTGAGC
Nextera_Enrichment_i7,N705,GGACTCCT
Nextera_Enrichment_i7,N706,TAGGCATG
Nextera_Enrichment_i7,N707,CTCTCTAC
Nextera_Enrichment_i7,N708,CAGAGAGG
Nextera_Enrichment_i7,N709,GCTACGCT
Nextera_Enrichment_i7,N710,CGAGGCTG
Nextera_Enrichment_i7,N711,AAGAGGCA
Nextera_Enrichment_i7,N712,GTAGAGGA
Nextera_Enrichment_i7,r1_transposase_primer,CAAGCAGAAGACGGCATACGAGAT[i7]GTCTCGTGGGCTCGG
Nextera_Enrichment_i7,r2_transposase_primer,AATGATACGGCGACCACCGAGATCTACAC[i5]TCGTCGGCAGCGTC
Nextera_Rapid_Capture_i7,N701,TAAGGCGA
Nextera_Rapid_Capture_i7,N702,CGTACTAG
Nextera_Rapid_Capture_i7,N703,AGGCAGAA
Nextera_Rapid_Capture_i7,N704,TCCTGAGC
Nextera_Rapid_Capture_i7,N705,GGACTCCT
Nextera_Rapid_Capture_i7,N706,TAGGCATG
Nextera_Rapid_Capture_i7,N707,CTCTCTAC
Nextera_Rapid_Capture_i7,N708,CAGAGAGG
Nextera_Rapid_Capture_i7,N709,GCTACGCT
Nextera_Rapid_Capture_i7,N710,CGAGGCTG
Nextera_Rapid_Capture_i7,N711,AAGAGGCA
Nextera_Rapid_Capture_i7,N712,GTAGAGGA
Nextera_Rapid_Capture_i7,r1_transposase_primer,CAAGCAGAAGACGGCATACGAGAT[i7]GTCTCGTGGGCTCGG
Nextera_Rapid_Capture_i7,r2_transposase_primer,AATGATACGGCGACCACCGAGATCTACAC[i5]TCGTCGGCAGCGTC
Nextera_DNA_i5_2000/2500,N501,TAGATCGC
Nextera_DNA_i5_2000/2500,N502,CTCTCTAT
Nextera_DNA_i5_2000/2500,N503,TATCCTCT
Nextera_DNA_i5_2000/2500,N504,AGAGTAGA
Nextera_DNA_i5_2000/2500,N505,GTAAGGAG
Nextera_DNA_i5_2000/2500,N506,ACTGCATA
Nextera_DNA_i5_2000/2500,N507,AAGGAGTA
Nextera_DNA_i5_2000/2500,N508,CTAAGCCT
Nextera_DNA_i5_2000/2500,N517,GCGTAAGA
Nextera_DNA_i5_3000/4000,N501,GCGATCTA
Nextera_DNA_i5_3000/4000,N502,ATAGAGAG
Nextera_DNA_i5_3000/4000,N503,AGAGGATA
Nextera_DNA_i5_3000/4000,N504,TCTACTCT
Nextera_DNA_i5_3000/4000,N505,CTCCTTAC
Nextera_DNA_i5_3000/4000,N506,TATGCAGT
Nextera_DNA_i5_3000/4000,N507,TACTCCTT
Nextera_DNA_i5_3000/4000,N508,AGGCTTAG
Nextera_DNA_i5_3000/4000,N517,TCTTACGC
Nextera_XT_i5_2000/2500,S501,TAGATCGC
Nextera_XT_i5_2000/2500,S502,CTCTCTAT
Nextera_XT_i5_2000/2500,S503,TATCCTCT
Nextera_XT_i5_2000/2500,S504,AGAGTAGA
Nextera_XT_i5_2000/2500,S505,GTAAGGAG
Nextera_XT_i5_2000/2500,S506,ACTGCATA
Nextera_XT_i5_2000/2500,S507,AAGGAGTA
Nextera_XT_i5_2000/2500,S508,CTAAGCCT
Nextera_XT_i5_2000/2500,S517,GCGTAAGA
Nextera_XT_i5_3000/4000,S501,GCGATCTA
Nextera_XT_i5_3000/4000,S502,ATAGAGAG
Nextera_XT_i5_3000/4000,S503,AGAGGATA
Nextera_XT_i5_3000/4000,S504,TCTACTCT
Nextera_XT_i5_3000/4000,S505,CTCCTTAC
Nextera_XT_i5_3000/4000,S506,TATGCAGT
Nextera_XT_i5_3000/4000,S507,TACTCCTT
Nextera_XT_i5_3000/4000,S508,AGGCTTAG
Nextera_XT_i5_3000/4000,S517,TCTTACGC
Nextera_Enrichment_i5_2000/2500,E501,TAGATCGC
Nextera_Enrichment_i5_2000/2500,E502,CTCTCTAT
Nextera_Enrichment_i5_2000/2500,E503,TATCCTCT
Nextera_Enrichment_i5_2000/2500,E504,AGAGTAGA
Nextera_Enrichment_i5_2000/2500,E505,GTAAGGAG
Nextera_Enrichment_i5_2000/2500,E506,ACTGCATA
Nextera_Enrichment_i5_2000/2500,E507,AAGGAGTA
Nextera_Enrichment_i5_2000/2500,E508,CTAAGCCT
Nextera_Enrichment_i5_2000/2500,E517,GCGTAAGA
Nextera_Enrichment_i5_3000/4000,E501,GCGATCTA
Nextera_Enrichment_i5_3000/4000,E502,ATAGAGAG
Nextera_Enrichment_i5_3000/4000,E503,AGAGGATA
Nextera_Enrichment_i5_3000/4000,E504,TCTACTCT
Nextera_Enrichment_i5_3000/4000,E505,CTCCTTAC
Nextera_Enrichment_i5_3000/4000,E506,TATGCAGT
Nextera_Enrichment_i5_3000/4000,E507,TACTCCTT
Nextera_Enrichment_i5_3000/4000,E508,AGGCTTAG
Nextera_Enrichment_i5_3000/4000,E517,TCTTACGC
Nextera_Rapid_Capture_i5_2000/2500,E501,TAGATCGC
Nextera_Rapid_Capture_i5_2000/2500,E502,CTCTCTAT
Nextera_Rapid_Capture_i5_2000/2500,E503,TATCCTCT
Nextera_Rapid_Capture_i5_2000/2500,E504,AGAGTAGA
Nextera_Rapid_Capture_i5_2000/2500,E505,GTAAGGAG
Nextera_Rapid_Capture_i5_2000/2500,E506,ACTGCATA
Nextera_Rapid_Capture_i5_2000/2500,E507,AAGGAGTA
Nextera_Rapid_Capture_i5_2000/2500,E508,CTAAGCCT
Nextera_Rapid_Capture_i5_2000/2500,E517,GCGTAAGA
Nextera_Rapid_Capture_i5_3000/4000,E501,GCGATCTA
Nextera_Rapid_Capture_i5_3000/4000,E502,ATAGAGAG
Nextera_Rapid_Capture_i5_3000/4000,E503,AGAGGATA
Nextera_Rapid_Capture_i5_3000/4000,E504,TCTACTCT
Nextera_Rapid_Capture_i5_3000/4000,E505,CTCCTTAC
Nextera_Rapid_Capture_i5_3000/4000,E506,TATGCAGT
Nextera_Rapid_Capture_i5_3000/4000,E507,TACTCCTT
Nextera_Rapid_Capture_i5_3000/4000,E508,AGGCTTAG
Nextera_Rapid_Capture_i5_3000/4000,E517,TCTTACGC
Nextera_XT_V2_i7,N701,TAAGGCGA
Nextera_XT_V2_i7,N702,CGTACTAG
Nextera_XT_V2_i7,N703,AGGCAGAA
Nextera_XT_V2_i7,N704,TCCTGAGC
Nextera_XT_V2_i7,N705,GGACTCCT
Nextera_XT_V2_i7,N706,TAGGCATG
Nextera_XT_V2_i7,N707,CTCTCTAC
Nextera_XT_V2_i7,N710,CGAGGCTG
Nextera_XT_V2_i7,N711,AAGAGGCA
Nextera_XT_V2_i7,N712,GTAGAGGA
Nextera_XT_V2_i7,N714,GCTCATGA
Nextera_XT_V2_i7,N715,ATCTCAGG
Nextera_XT_V2_i7,N716,ACTCGCTA
Nextera_XT_V2_i7,N718,GGAGCTAC
Nextera_XT_V2_i7,N719,GCGTAGTA
Nextera_XT_V2_i7,N720,CGGAGCCT
Nextera_XT_V2_i7,N721,TACGCTGC
Nextera_XT_V2_i7,N722,ATGCGCAG
Nextera_XT_V2_i7,N723,TAGCGCTC
Nextera_XT_V2_i7,N724,ACTGAGCG
Nextera_XT_V2_i7,N726,CCTAAGAC
Nextera_XT_V2_i7,N727,CGATCAGT
Nextera_XT_V2_i7,N728,TGCAGCTA
Nextera_XT_V2_i7,N729,TCGACGTC
Nextera_XT_V2_i5_2000/2500,S502,CTCTCTAT
Nextera_XT_V2_i5_2000/2500,S503,TATCCTCT
Nextera_XT_V2_i5_2000/2500,S505,GTAAGGAG
Nextera_XT_V2_i5_2000/2500,S506,ACTGCATA
Nextera_XT_V2_i5_2000/2500,S507,AAGGAGTA
Nextera_XT_V2_i5_2000/2500,S508,CTAAGCCT
Nextera_XT_V2_i5_2000/2500,S510,CGTCTAAT
Nextera_XT_V2_i5_2000/2500,S511,TCTCTCCG
Nextera_XT_V2_i5_2000/2500,S513,TCGACTAG
Nextera_XT_V2_i5_2000/2500,S515,TTCTAGCT
Nextera_XT_V2_i5_2000/2500,S516,CCTAGAGT
Nextera_XT_V2_i5_2000/2500,S517,GCGTAAGA
Nextera_XT_V2_i5_2000/2500,S518,CTATTAAG
Nextera_XT_V2_i5_2000/2500,S520,AAGGCTAT
Nextera_XT_V2_i5_2000/2500,S521,GAGCCTTA
Nextera_XT_V2_i5_2000/2500,S522,TTATGCGA
Nextera_XT_V2_i7_300/4000,S502,ATAGAGAG
Nextera_XT_V2_i7_300/4000,S503,AGAGGATA
Nextera_XT_V2_i7_300/4000,S505,CTCCTTAC
Nextera_XT_V2_i7_300/4000,S506,TATGCAGT
Nextera_XT_V2_i7_300/4000,S507,TACTCCTT
Nextera_XT_V2_i7_300/4000,S508,AGGCTTAG
Nextera_XT_V2_i7_300/4000,S510,ATTAGACG
Nextera_XT_V2_i7_300/4000,S511,CGGAGAGA
Nextera_XT_V2_i7_300/4000,S513,CTAGTCGA
Nextera_XT_V2_i7_300/4000,S515,AGCTAGAA
Nextera_XT_V2_i7_300/4000,S516,ACTCTAGG
Nextera_XT_V2_i7_300/4000,S517,TCTTACGC
Nextera_XT_V2_i7_300/4000,S518,CTTAATAG
Nextera_XT_V2_i7_300/4000,S520,ATAGCCTT
Nextera_XT_V2_i7_300/4000,S521,TAAGGCTC
Nextera_XT_V2_i7_300/4000,S522,TCGCATAA
TruSeq_Amplicon_1.5_i7,A701,ATCACGAC
TruSeq_Amplicon_1.5_i7,A702,ACAGTGGT
TruSeq_Amplicon_1.5_i7,A703,CAGATCCA
TruSeq_Amplicon_1.5_i7,A704,ACAAACGG
TruSeq_Amplicon_1.5_i7,A705,ACCCAGCA
TruSeq_Amplicon_1.5_i7,A706,AACCCCTC
TruSeq_Amplicon_1.5_i7,A707,CCCAACCT
TruSeq_Amplicon_1.5_i7,A708,CACCACAC
TruSeq_Amplicon_1.5_i7,A709,GAAACCCA
TruSeq_Amplicon_1.5_i7,A710,TGTGACCA
TruSeq_Amplicon_1.5_i7,A711,AGGGTCAA
TruSeq_Amplicon_1.5_i7,A712,AGGAGTGG
TruSeq_Amplicon_1.5_i5_2000/2500,A501,TGAACCTT
TruSeq_Amplicon_1.5_i5_2000/2500,A502,TGCTAAGT
TruSeq_Amplicon_1.5_i5_2000/2500,A503,TGTTCTCT
TruSeq_Amplicon_1.5_i5_2000/2500,A504,TAAGACAC
TruSeq_Amplicon_1.5_i5_2000/2500,A505,CTAATCGA
TruSeq_Amplicon_1.5_i5_2000/2500,A506,CTAGAACA
TruSeq_Amplicon_1.5_i5_2000/2500,A507,TAAGTTCC
TruSeq_Amplicon_1.5_i5_2000/2500,A508,TAGACCTA
TruSeq_Amplicon_1.5_i5_3000/4000,A501,AAGGTTCA
TruSeq_Amplicon_1.5_i5_3000/4000,A502,ACTTAGCA
TruSeq_Amplicon_1.5_i5_3000/4000,A503,AGAGAACA
TruSeq_Amplicon_1.5_i5_3000/4000,A504,GTGTCTTA
TruSeq_Amplicon_1.5_i5_3000/4000,A505,TCGATTAG
TruSeq_Amplicon_1.5_i5_3000/4000,A506,TGTTCTAG
TruSeq_Amplicon_1.5_i5_3000/4000,A507,GGAACTTA
TruSeq_Amplicon_1.5_i5_3000/4000,A508,TAGGTCTA
TruSeq_Amplicon_Cancer_Panel_i7,A701,ATCACGAC
TruSeq_Amplicon_Cancer_Panel_i7,A702,ACAGTGGT
TruSeq_Amplicon_Cancer_Panel_i7,A703,CAGATCCA
TruSeq_Amplicon_Cancer_Panel_i7,A704,ACAAACGG
TruSeq_Amplicon_Cancer_Panel_i7,A705,ACCCAGCA
TruSeq_Amplicon_Cancer_Panel_i7,A706,AACCCCTC
TruSeq_Amplicon_Cancer_Panel_i7,A707,CCCAACCT
TruSeq_Amplicon_Cancer_Panel_i7,A708,CACCACAC
TruSeq_Amplicon_Cancer_Panel_i7,A709,GAAACCCA
TruSeq_Amplicon_Cancer_Panel_i7,A710,TGTGACCA
TruSeq_Amplicon_Cancer_Panel_i7,A711,AGGGTCAA
TruSeq_Amplicon_Cancer_Panel_i7,A712,AGGAGTGG
TruSeq_Amplicon_Cancer_Panel_i5_2000/2500,A501,TGAACCTT
TruSeq_Amplicon_Cancer_Panel_i5_2000/2500,A502,TGCTAAGT
TruSeq_Amplicon_Cancer_Panel_i5_2000/2500,A503,TGTTCTCT
TruSeq_Amplicon_Cancer_Panel_i5_2000/2500,A504,TAAGACAC
TruSeq_Amplicon_Cancer_Panel_i5_2000/2500,A505,CTAATCGA
TruSeq_Amplicon_Cancer_Panel_i5_2000/2500,A506,CTAGAACA
TruSeq_Amplicon_Cancer_Panel_i5_2000/2500,A507,TAAGTTCC
TruSeq_Amplicon_Cancer_Panel_i5_2000/2500,A508,TAGACCTA
TruSeq_Amplicon_Cancer_Panel_i5_3000/4000,A501,AAGGTTCA
TruSeq_Amplicon_Cancer_Panel_i5_3000/4000,A502,ACTTAGCA
TruSeq_Amplicon_Cancer_Panel_i5_3000/4000,A503,AGAGAACA
TruSeq_Amplicon_Cancer_Panel_i5_3000/4000,A504,GTGTCTTA
TruSeq_Amplicon_Cancer_Panel_i5_3000/4000,A505,TCGATTAG
TruSeq_Amplicon_Cancer_Panel_i5_3000/4000,A506,TGTTCTAG
TruSeq_Amplicon_Cancer_Panel_i5_3000/4000,A507,GGAACTTA
TruSeq_Amplicon_Cancer_Panel_i5_3000/4000,A508,TAGGTCTA
TruSeq_Amplicon_Low_Input_i7,A701,ATCACGAC
TruSeq_Amplicon_Low_Input_i7,A702,ACAGTGGT
TruSeq_Amplicon_Low_Input_i7,A703,CAGATCCA
TruSeq_Amplicon_Low_Input_i7,A704,ACAAACGG
TruSeq_Amplicon_Low_Input_i7,A705,ACCCAGCA
TruSeq_Amplicon_Low_Input_i7,A706,AACCCCTC
TruSeq_Amplicon_Low_Input_i7,A707,CCCAACCT
TruSeq_Amplicon_Low_Input_i7,A708,CACCACAC
TruSeq_Amplicon_Low_Input_i7,A709,GAAACCCA
TruSeq_Amplicon_Low_Input_i7,A710,TGTGACCA
TruSeq_Amplicon_Low_Input_i7,A711,AGGGTCAA
TruSeq_Amplicon_Low_Input_i7,A712,AGGAGTGG
TruSeq_Amplicon_Cancer_Panel_i5_2000/2500,A501,TGAACCTT
TruSeq_Amplicon_Cancer_Panel_i5_2000/2500,A502,TGCTAAGT
TruSeq_Amplicon_Cancer_Panel_i5_2000/2500,A503,TGTTCTCT
TruSeq_Amplicon_Cancer_Panel_i5_2000/2500,A504,TAAGACAC
TruSeq_Amplicon_Cancer_Panel_i5_2000/2500,A505,CTAATCGA
TruSeq_Amplicon_Cancer_Panel_i5_2000/2500,A506,CTAGAACA
TruSeq_Amplicon_Cancer_Panel_i5_2000/2500,A507,TAAGTTCC
TruSeq_Amplicon_Cancer_Panel_i5_2000/2500,A508,TAGACCTA
TruSeq_Amplicon_Cancer_Panel_i5_3000/4000,A501,AAGGTTCA
TruSeq_Amplicon_Cancer_Panel_i5_3000/4000,A502,ACTTAGCA
TruSeq_Amplicon_Cancer_Panel_i5_3000/4000,A503,AGAGAACA
TruSeq_Amplicon_Cancer_Panel_i5_3000/4000,A504,GTGTCTTA
TruSeq_Amplicon_Cancer_Panel_i5_3000/4000,A505,TCGATTAG
TruSeq_Amplicon_Cancer_Panel_i5_3000/4000,A506,TGTTCTAG
TruSeq_Amplicon_Cancer_Panel_i5_3000/4000,A507,GGAACTTA
TruSeq_Amplicon_Cancer_Panel_i5_3000/4000,A508,TAGGTCTA
TruSeq_DNA_Methylation,primer,CAAGCAGAAGACGGCATACGAGAT[6 bases]GTGACTGGAGTTCAGACGTGTGCTCTTCCGATCT
TruSeq_DNA_Methylation,i1,ATCACG
TruSeq_DNA_Methylation,i2,CGATGT
TruSeq_DNA_Methylation,i3,TTAGGC
TruSeq_DNA_Methylation,i4,TGACCA
TruSeq_DNA_Methylation,i5,ACAGTG
TruSeq_DNA_Methylation,i6,GCCAAT
TruSeq_DNA_Methylation,i7,CAGATC
TruSeq_DNA_Methylation,i8,ACTTGA
TruSeq_DNA_Methylation,i9,GATCAG
TruSeq_DNA_Methylation,i10,TAGCTT
TruSeq_DNA_Methylation,i11,GGCTAC
TruSeq_DNA_Methylation,i12,CTTGTA
TruSeq_HT_i7,D701,ATTACTCG
TruSeq_HT_i7,D702,TCCGGAGA
TruSeq_HT_i7,D703,CGCTCATT
TruSeq_HT_i7,D704,GAGATTCC
TruSeq_HT_i7,D705,ATTCAGAA
TruSeq_HT_i7,D706,GAATTCGT
TruSeq_HT_i7,D707,CTGAAGCT
TruSeq_HT_i7,D708,TAATGCGC
TruSeq_HT_i7,D709,CGGCTATG
TruSeq_HT_i7,D710,TCCGCGAA
TruSeq_HT_i7,D711,TCTCGCGC
TruSeq_HT_i7,D712,AGCGATAG
TruSeq_HT_i5_2000/2500,D501,TATAGCCT
TruSeq_HT_i5_2000/2500,D502,ATAGAGGC
TruSeq_HT_i5_2000/2500,D503,CCTATCCT
TruSeq_HT_i5_2000/2500,D504,GGCTCTGA
TruSeq_HT_i5_2000/2500,D505,AGGCGAAG
TruSeq_HT_i5_2000/2500,D506,TAATCTTA
TruSeq_HT_i5_2000/2500,D507,CAGGACGT
TruSeq_HT_i5_2000/2500,D508,GTACTGAC
TruSeq_HT_i5_3000/4000,D501,AGGCTATA
TruSeq_HT_i5_3000/4000,D502,GCCTCTAT
TruSeq_HT_i5_3000/4000,D503,AGGATAGG
TruSeq_HT_i5_3000/4000,D504,TCAGAGCC
TruSeq_HT_i5_3000/4000,D505,CTTCGCCT
TruSeq_HT_i5_3000/4000,D506,TAAGATTA
TruSeq_HT_i5_3000/4000,D507,ACGTCCTG
TruSeq_HT_i5_3000/4000,D508,GTCAGTAC
TrueSeq_LT,universal,AATGATACGGCGACCACCGAGATCTACACTCTTTCCCTACACGACGCTCTTCCGATCT
TrueSeq_LT,i1,ATCACG
TrueSeq_LT,i2,CCGATGT
TrueSeq_LT,i3,TTAGGC
TrueSeq_LT,i4,TGACCA
TrueSeq_LT,i5,ACAGTG
TrueSeq_LT,i6,GCCAAT
TrueSeq_LT,i7,CAGATC
TrueSeq_LT,i8,ACTTGA
TrueSeq_LT,i9,GATCAG
TrueSeq_LT,i10,TAGCTT
TrueSeq_LT,i11,GGCTAC
TrueSeq_LT,i12,CTTGTA
TrueSeq_LT,i13,AGTCAA
TrueSeq_LT,i14,AGTTCC
TrueSeq_LT,i15,ATGTCA
TrueSeq_LT,i16,CCGTCC
TrueSeq_LT,i18,GTCCGC
TrueSeq_LT,i19,GTGAAA
TrueSeq_LT,i20,GTGGCC
TrueSeq_LT,i21,GTTTCG
TrueSeq_LT,i22,CGTACG
TrueSeq_LT,i23,GAGTGG
TrueSeq_LT,i25,ACTGAT
TrueSeq_LT,i27,ATTCCT
TruSeq_Ribo_Profile,A001,ATCACG
TruSeq_Ribo_Profile,A002,CGATGT
TruSeq_Ribo_Profile,A003,TTAGGC
TruSeq_Ribo_Profile,A004,TGACCA
TruSeq_Ribo_Profile,A005,ACAGTG
TruSeq_Ribo_Profile,A006,GCCAAT
TruSeq_Ribo_Profile,A007,CAGATC
TruSeq_Ribo_Profile,A008,ACTTGA
TruSeq_Ribo_Profile,A009,GATCAG
TruSeq_Ribo_Profile,A010,TAGCTT
TruSeq_Ribo_Profile,A011,GGCTAC
TruSeq_Ribo_Profile,A012,CTTGTA
TruSeq_Synthetic_Long-Read_DNA,long_reads_adapter,CCGGTTCTTCCCTGCCGAACCCTATCTTCGTCGGCAGCGTCAGATGTGTATAAGAGACAGTACGCTTGCAT
TruSeq_Small_RNA,RA5,GUUCAGAGUUCUACAGUCCGACGAUC
TruSeq_Small_RNA,RA3,TGGAATTCTCGGGTGCCAAGG
TruSeq_Small_RNA,STP,GAAUUCCACCACGUUCCCGUGG
TruSeq_Small_RNA,RTP,GCCTTGGCACCCGAGAATTCCA
TruSeq_Small_RNA,RP1,AATGATACGGCGACCACCGAGATCTACACGTTCAGAGTTCTACAGTCCGA
RNA_PCR_Index_Primer,RPI1,CGTGAT
RNA_PCR_Index_Primer,RPI2,ACATCG
RNA_PCR_Index_Primer,RPI3,GCCTAA
RNA_PCR_Index_Primer,RPI4,TGGTCA
RNA_PCR_Index_Primer,RPI5,CACTGT
RNA_PCR_Index_Primer,RPI6,ATTGGC
RNA_PCR_Index_Primer,RPI7,GATCTG
RNA_PCR_Index_Primer,RPI8,TCAAGT
RNA_PCR_Index_Primer,RPI9,CTGATC
RNA_PCR_Index_Primer,RPI10,AAGCTA
RNA_PCR_Index_Primer,RPI11,GTAGCC
RNA_PCR_Index_Primer,RPI12,TACAAG
RNA_PCR_Index_Primer,RPI13,TTGACT
RNA_PCR_Index_Primer,RPI14,GGAACT
RNA_PCR_Index_Primer,RPI15,TGACAT
RNA_PCR_Index_Primer,RPI16,GGACGG
RNA_PCR_Index_Primer,RPI17,CTCTAC
RNA_PCR_Index_Primer,RPI18,GCGGAC
RNA_PCR_Index_Primer,RPI19,TTTCAC
RNA_PCR_Index_Primer,RPI20,GGCCAC
RNA_PCR_Index_Primer,RPI21,CGAAAC
RNA_PCR_Index_Primer,RPI22,CGTACG
RNA_PCR_Index_Primer,RPI23,CCACTC
RNA_PCR_Index_Primer,RPI24,GCTACC
RNA_PCR_Index_Primer,RPI25,ATCAGT
RNA_PCR_Index_Primer,RPI26,GCTCAT
RNA_PCR_Index_Primer,RPI27,AGGAAT
RNA_PCR_Index_Primer,RPI28,CTTTTG
RNA_PCR_Index_Primer,RPI29,TAGTTG
RNA_PCR_Index_Primer,RPI30,CCGGTG
RNA_PCR_Index_Primer,RPI31,ATCGTG
RNA_PCR_Index_Primer,RPI32,TGAGTG
RNA_PCR_Index_Primer,RPI33,CGCCTG
RNA_PCR_Index_Primer,RPI34,GCCATG
RNA_PCR_Index_Primer,RPI35,AAAATG
RNA_PCR_Index_Primer,RPI36,TGTTGG
RNA_PCR_Index_Primer,RPI37,ATTCCG
RNA_PCR_Index_Primer,RPI38,AGCTAG
RNA_PCR_Index_Primer,RPI39,GTATAG
RNA_PCR_Index_Primer,RPI40,TTCTGAG
RNA_PCR_Index_Primer,RPI41,GTCGTC
RNA_PCR_Index_Primer,RPI42,CGATTA
RNA_PCR_Index_Primer,RPI43,GCTGTA
RNA_PCR_Index_Primer,RPI44,ATTATA
RNA_PCR_Index_Primer,RPI45,GAATGA
RNA_PCR_Index_Primer,RPI46,TTCGGGA
RNA_PCR_Index_Primer,RPI47,CTTCGA
RNA_PCR_Index_Primer,RPI48,TGCCGA
TrueSeq_Targeted_RNA_Expression_i7,R701,ATCACG
TrueSeq_Targeted_RNA_Expression_i7,R702,CGATGT
TrueSeq_Targeted_RNA_Expression_i7,R703,TTAGGC
TrueSeq_Targeted_RNA_Expression_i7,R704,TGACCA
TrueSeq_Targeted_RNA_Expression_i7,R705,ACAGTG
TrueSeq_Targeted_RNA_Expression_i7,R706,GCCAAT
TrueSeq_Targeted_RNA_Expression_i7,R707,CAGATC
TrueSeq_Targeted_RNA_Expression_i7,R708,ACTTGA
TrueSeq_Targeted_RNA_Expression_i7,R709,GATCAG
TrueSeq_Targeted_RNA_Expression_i7,R710,TAGCTT
TrueSeq_Targeted_RNA_Expression_i7,R711,GGCTAC
TrueSeq_Targeted_RNA_Expression_i7,R712,CTTGTA
TrueSeq_Targeted_RNA_Expression_i7,R713,AGTCAA
TrueSeq_Targeted_RNA_Expression_i7,R714,AGTTCC
TrueSeq_Targeted_RNA_Expression_i7,R715,ATGTCA
TrueSeq_Targeted_RNA_Expression_i7,R716,CCGTCC
TrueSeq_Targeted_RNA_Expression_i7,R717,GTAGAG
TrueSeq_Targeted_RNA_Expression_i7,R718,GTCCGC
TrueSeq_Targeted_RNA_Expression_i7,R719,GTGAAA
TrueSeq_Targeted_RNA_Expression_i7,R720,GTGGCC
TrueSeq_Targeted_RNA_Expression_i7,R721,GTTTCG
TrueSeq_Targeted_RNA_Expression_i7,R722,CGTACG
TrueSeq_Targeted_RNA_Expression_i7,R723,GAGTGG
TrueSeq_Targeted_RNA_Expression_i7,R724,GGTAGC
TrueSeq_Targeted_RNA_Expression_i7,R725,ACTGAT
TrueSeq_Targeted_RNA_Expression_i7,R726,ATGAGC
TrueSeq_Targeted_RNA_Expression_i7,R727,ATTCCT
TrueSeq_Targeted_RNA_Expression_i7,R728,CAAAAG
TrueSeq_Targeted_RNA_Expression_i7,R729,CAACTA
TrueSeq_Targeted_RNA_Expression_i7,R730,CACCGG
TrueSeq_Targeted_RNA_Expression_i7,R731,CACGAT
TrueSeq_Targeted_RNA_Expression_i7,R732,CACTCA
TrueSeq_Targeted_RNA_Expression_i7,R733,CAGGCG
TrueSeq_Targeted_RNA_Expression_i7,R734,CATGGC
TrueSeq_Targeted_RNA_Expression_i7,R735,CATTTT
TrueSeq_Targeted_RNA_Expression_i7,R736,CCAACA
TrueSeq_Targeted_RNA_Expression_i7,R737,CGGAAT
TrueSeq_Targeted_RNA_Expression_i7,R738,CTAGCT
TrueSeq_Targeted_RNA_Expression_i7,R739,CTATAC
TrueSeq_Targeted_RNA_Expression_i7,R740,CTCAGA
TrueSeq_Targeted_RNA_Expression_i7,R741,GACGAC
TrueSeq_Targeted_RNA_Expression_i7,R742,TAATCG
TrueSeq_Targeted_RNA_Expression_i7,R743,TACAGC
TrueSeq_Targeted_RNA_Expression_i7,R744,TATAAT
TrueSeq_Targeted_RNA_Expression_i7,R745,TCATTC
TrueSeq_Targeted_RNA_Expression_i7,R746,TCCCGA
TrueSeq_Targeted_RNA_Expression_i5_2000/2500,A501,TGAACCTT
TrueSeq_Targeted_RNA_Expression_i5_2000/2500,A502,TGCTAAGT
TrueSeq_Targeted_RNA_Expression_i5_2000/2500,A503,TGTTCTCT
TrueSeq_Targeted_RNA_Expression_i5_2000/2500,A504,TAAGACAC
TrueSeq_Targeted_RNA_Expression_i5_2000/2500,A505,CTAATCGA
TrueSeq_Targeted_RNA_Expression_i5_2000/2500,A506,CTAGAACA
TrueSeq_Targeted_RNA_Expression_i5_2000/2500,A507,TAAGTTCC
TrueSeq_Targeted_RNA_Expression_i5_2000/2500,A508,TAGACCTA
TrueSeq_Targeted_RNA_Expression_i5_3000/4000,A501,AAGGTTCA
TrueSeq_Targeted_RNA_Expression_i5_3000/4000,A502,ACTTAGCA
TrueSeq_Targeted_RNA_Expression_i5_3000/4000,A503,AGAGAACA
TrueSeq_Targeted_RNA_Expression_i5_3000/4000,A504,GTGTCTTA
TrueSeq_Targeted_RNA_Expression_i5_3000/4000,A505,TCGATTAG
TrueSeq_Targeted_RNA_Expression_i5_3000/4000,A506,TGTTCTAG
TrueSeq_Targeted_RNA_Expression_i5_3000/4000,A507,GGAACTTA
TrueSeq_Targeted_RNA_Expression_i5_3000/4000,A508,TAGGTCTA
