kit,subkit,barcode,index_seq,index,adapter_seq,version,manufacturer,model_range,status
TrueSight,Amplicon,A701,ATCACGAC,i7,AATTTCGACGATCGTTGCATTAACTCGCGAATCACGACATCTCGTATGCCGTCTTCTGCTTG,,Illumina,,2
TrueSight,Amplicon,A702,ACAGTGGT,i7,AATTTCGACGATCGTTGCATTAACTCGCGAACAGTGGTATCTCGTATGCCGTCTTCTGCTTG,,Illumina,,2
TrueSight,Amplicon,A703,CAGATCCA,i7,AATTTCGACGATCGTTGCATTAACTCGCGACAGATCCAATCTCGTATGCCGTCTTCTGCTTG,,Illumina,,2
TrueSight,Amplicon,A704,ACAAACGG,i7,AATTTCGACGATCGTTGCATTAACTCGCGAACAAACGGATCTCGTATGCCGTCTTCTGCTTG,,Illumina,,2
TrueSight,Amplicon,A705,ACCCAGCA,i7,AATTTCGACGATCGTTGCATTAACTCGCGAACCCAGCAATCTCGTATGCCGTCTTCTGCTTG,,Illumina,,2
TrueSight,Amplicon,A706,AACCCCTC,i7,AATTTCGACGATCGTTGCATTAACTCGCGAAACCCCTCATCTCGTATGCCGTCTTCTGCTTG,,Illumina,,2
TrueSight,Amplicon,A707,CCCAACCT,i7,AATTTCGACGATCGTTGCATTAACTCGCGACCCAACCTATCTCGTATGCCGTCTTCTGCTTG,,Illumina,,2
TrueSight,Amplicon,A708,CACCACAC,i7,AATTTCGACGATCGTTGCATTAACTCGCGACACCACACATCTCGTATGCCGTCTTCTGCTTG,,Illumina,,2
TrueSight,Amplicon,A709,GAAACCCA,i7,AATTTCGACGATCGTTGCATTAACTCGCGAGAAACCCAATCTCGTATGCCGTCTTCTGCTTG,,Illumina,,2
TrueSight,Amplicon,A710,TGTGACCA,i7,AATTTCGACGATCGTTGCATTAACTCGCGATGTGACCAATCTCGTATGCCGTCTTCTGCTTG,,Illumina,,2
TrueSight,Amplicon,A711,AGGGTCAA,i7,AATTTCGACGATCGTTGCATTAACTCGCGAAGGGTCAAATCTCGTATGCCGTCTTCTGCTTG,,Illumina,,2
TrueSight,Amplicon,A712,AGGAGTGG,i7,AATTTCGACGATCGTTGCATTAACTCGCGAAGGAGTGGATCTCGTATGCCGTCTTCTGCTTG,,Illumina,,2
TrueSight,Amplicon,A501,TGAACCTT,i5,AATGATACGGCGACCACCGAGATCTACACTGAACCTTACACTCTTTCCCTACACGACGCTCTTCCGATCT,,Illumina,2000/2500,2
TrueSight,Amplicon,A502,TGCTAAGT,i5,AATGATACGGCGACCACCGAGATCTACACTGCTAAGTACACTCTTTCCCTACACGACGCTCTTCCGATCT,,Illumina,2000/2500,2
TrueSight,Amplicon,A503,TGTTCTCT,i5,AATGATACGGCGACCACCGAGATCTACACTGTTCTCTACACTCTTTCCCTACACGACGCTCTTCCGATCT,,Illumina,2000/2500,2
TrueSight,Amplicon,A504,TAAGACAC,i5,AATGATACGGCGACCACCGAGATCTACACTAAGACACACACTCTTTCCCTACACGACGCTCTTCCGATCT,,Illumina,2000/2500,2
TrueSight,Amplicon,A505,CTAATCGA,i5,AATGATACGGCGACCACCGAGATCTACACCTAATCGAACACTCTTTCCCTACACGACGCTCTTCCGATCT,,Illumina,2000/2500,2
TrueSight,Amplicon,A506,CTAGAACA,i5,AATGATACGGCGACCACCGAGATCTACACCTAGAACAACACTCTTTCCCTACACGACGCTCTTCCGATCT,,Illumina,2000/2500,2
TrueSight,Amplicon,A507,TAAGTTCC,i5,AATGATACGGCGACCACCGAGATCTACACTAAGTTCCACACTCTTTCCCTACACGACGCTCTTCCGATCT,,Illumina,2000/2500,2
TrueSight,Amplicon,A508,TAGACCTA,i5,AATGATACGGCGACCACCGAGATCTACACTAGACCTAACACTCTTTCCCTACACGACGCTCTTCCGATCT,,Illumina,2000/2500,2
TrueSight,Amplicon,A501,AAGGTTCA,i5,AATGATACGGCGACCACCGAGATCTACACAAGGTTCAACACTCTTTCCCTACACGACGCTCTTCCGATCT,,Illumina,3000/4000,2
TrueSight,Amplicon,A502,ACTTAGCA,i5,AATGATACGGCGACCACCGAGATCTACACACTTAGCAACACTCTTTCCCTACACGACGCTCTTCCGATCT,,Illumina,3000/4000,2
TrueSight,Amplicon,A503,AGAGAACA,i5,AATGATACGGCGACCACCGAGATCTACACAGAGAACAACACTCTTTCCCTACACGACGCTCTTCCGATCT,,Illumina,3000/4000,2
TrueSight,Amplicon,A504,GTGTCTTA,i5,AATGATACGGCGACCACCGAGATCTACACGTGTCTTAACACTCTTTCCCTACACGACGCTCTTCCGATCT,,Illumina,3000/4000,2
TrueSight,Amplicon,A505,TCGATTAG,i5,AATGATACGGCGACCACCGAGATCTACACTCGATTAGACACTCTTTCCCTACACGACGCTCTTCCGATCT,,Illumina,3000/4000,2
TrueSight,Amplicon,A506,TGTTCTAG,i5,AATGATACGGCGACCACCGAGATCTACACTGTTCTAGACACTCTTTCCCTACACGACGCTCTTCCGATCT,,Illumina,3000/4000,2
TrueSight,Amplicon,A507,GGAACTTA,i5,AATGATACGGCGACCACCGAGATCTACACGGAACTTAACACTCTTTCCCTACACGACGCTCTTCCGATCT,,Illumina,3000/4000,2
TrueSight,Amplicon,A508,TAGGTCTA,i5,AATGATACGGCGACCACCGAGATCTACACTAGGTCTAACACTCTTTCCCTACACGACGCTCTTCCGATCT,,Illumina,3000/4000,2
TrueSight,Cardio,N701,TAAGGCGA,i7,,,Illumina,,
TrueSight,Cardio,N702,CGTACTAG,i7,,,Illumina,,
TrueSight,Cardio,N703,AGGCAGAA,i7,,,Illumina,,
TrueSight,Cardio,N704,TCCTGAGC,i7,,,Illumina,,
TrueSight,Cardio,N705,GGACTCCT,i7,,,Illumina,,
TrueSight,Cardio,N706,TAGGCATG,i7,,,Illumina,,
TrueSight,Cardio,N707,CTCTCTAC,i7,,,Illumina,,
TrueSight,Cardio,N708,CAGAGAGG,i7,,,Illumina,,
TrueSight,Cardio,N709,GCTACGCT,i7,,,Illumina,,
TrueSight,Cardio,N710,CGAGGCTG,i7,,,Illumina,,
TrueSight,Cardio,N711,AAGAGGCA,i7,,,Illumina,,
TrueSight,Cardio,N712,GTAGAGGA,i7,,,Illumina,,
TrueSight,Cardio,E505,GTAAGGAG,i5,,,Illumina,2000/2500,
TrueSight,Cardio,E505,CTCCTTAC,i5,,,Illumina,3000/4000,
TrueSight,One,N701,TAAGGCGA,i7,,,Illumina,,
TrueSight,One,N702,CGTACTAG,i7,,,Illumina,,
TrueSight,One,N703,AGGCAGAA,i7,,,Illumina,,
TrueSight,One,N704,TCCTGAGC,i7,,,Illumina,,
TrueSight,One,N705,GGACTCCT,i7,,,Illumina,,
TrueSight,One,N706,TAGGCATG,i7,,,Illumina,,
TrueSight,One,N707,CTCTCTAC,i7,,,Illumina,,
TrueSight,One,N708,CAGAGAGG,i7,,,Illumina,,
TrueSight,One,N709,GCTACGCT,i7,,,Illumina,,
TrueSight,One,N710,CGAGGCTG,i7,,,Illumina,,
TrueSight,One,N711,AAGAGGCA,i7,,,Illumina,,
TrueSight,One,N712,GTAGAGGA,i7,,,Illumina,,
TrueSight,One,E502,CTCTCTAT,i5,,,Illumina,2000/2500,
TrueSight,One,E503,TATCCTCT,i5,,,Illumina,2000/2500,
TrueSight,One,E504,AGAGTAGA,i5,,,Illumina,2000/2500,
TrueSight,One,E505,GTAAGGAG,i5,,,Illumina,2000/2500,
TrueSight,One,E502,ATAGAGAG,i5,,,Illumina,3000/5000,
TrueSight,One,E503,AGAGGATA,i5,,,Illumina,3000/5000,
TrueSight,One,E504,TCTACTCT,i5,,,Illumina,3000/5000,
TrueSight,One,E505,CTCCTTAC,i5,,,Illumina,3000/5000,
TrueSight,Rapid Capture,N701,TAAGGCGA,i7,,,Illumina,,
TrueSight,Rapid Capture,N702,CGTACTAG,i7,,,Illumina,,
TrueSight,Rapid Capture,N703,AGGCAGAA,i7,,,Illumina,,
TrueSight,Rapid Capture,N704,TCCTGAGC,i7,,,Illumina,,
TrueSight,Rapid Capture,N705,GGACTCCT,i7,,,Illumina,,
TrueSight,Rapid Capture,N706,TAGGCATG,i7,,,Illumina,,
TrueSight,Rapid Capture,N707,CTCTCTAC,i7,,,Illumina,,
TrueSight,Rapid Capture,N708,CAGAGAGG,i7,,,Illumina,,
TrueSight,Rapid Capture,N709,GCTACGCT,i7,,,Illumina,,
TrueSight,Rapid Capture,N710,CGAGGCTG,i7,,,Illumina,,
TrueSight,Rapid Capture,N711,AAGAGGCA,i7,,,Illumina,,
TrueSight,Rapid Capture,N712,GTAGAGGA,i7,,,Illumina,,
TrueSight,Rapid Capture,E502,CTCTCTAT,i5,,,Illumina,2000/2500,
TrueSight,Rapid Capture,E505,GTAAGGAG,i5,,,Illumina,2000/2500,
TrueSight,Rapid Capture,E506,ACTGCATA,i5,,,Illumina,2000/2500,
TrueSight,Rapid Capture,E517,GCGTAAGA,i5,,,Illumina,2000/2500,
TrueSight,Rapid Capture,E502,ATAGAGAG,i5,,,Illumina,3000/4000,
TrueSight,Rapid Capture,E505,CTCCTTAC,i5,,,Illumina,3000/4000,
TrueSight,Rapid Capture,E506,TATGCAGT,i5,,,Illumina,3000/4000,
TrueSight,Rapid Capture,E517,TCTTACGC,i5,,,Illumina,3000/4000,
TrueSight,Tumor15,R701,ATCACG,i7,,,Illumina,,
TrueSight,Tumor15,R702,CGATGT,i7,,,Illumina,,
TrueSight,Tumor15,R703,TTAGGC,i7,,,Illumina,,
TrueSight,Tumor15,R704,TGACCA,i7,,,Illumina,,
TrueSight,Tumor15,R705,ACAGTG,i7,,,Illumina,,
TrueSight,Tumor15,R706,GCCAAT,i7,,,Illumina,,
TrueSight,Tumor15,R707,CAGATC,i7,,,Illumina,,
TrueSight,Tumor15,R708,ACTTGA,i7,,,Illumina,,
TrueSight,Tumor15,R709,GATCAG,i7,,,Illumina,,
TrueSight,Tumor15,R711,GGCTAC,i7,,,Illumina,,
TrueSight,Tumor15,R712,CTTGTA,i7,,,Illumina,,
TrueSight,Tumor15,R725,ACTGAT,i7,,,Illumina,,
TrueSight,Tumor15,R726,ATGAGC,i7,,,Illumina,,
TrueSight,Tumor15,R727,ATTCCT,i7,,,Illumina,,
TrueSight,Tumor15,R728,CAAAAG,i7,,,Illumina,,
TrueSight,Tumor15,R729,CAACTA,i7,,,Illumina,,
TrueSight,Tumor15,R730,CACCGG,i7,,,Illumina,,
TrueSight,Tumor15,R731,CACGAT,i7,,,Illumina,,
TrueSight,Tumor15,R732,CACTCA,i7,,,Illumina,,
TrueSight,Tumor15,R733,CAGGCG,i7,,,Illumina,,
TrueSight,Tumor15,R734,CATGGC,i7,,,Illumina,,
TrueSight,Tumor15,R735,CATTTT,i7,,,Illumina,,
TrueSight,Tumor15,R736,CCAACA,i7,,,Illumina,,
TrueSight,Tumor15,R749,GATGCT,i7,,,Illumina,,
TrueSight,Tumor15,A501,TGAACCTT,i5,,,Illumina,2000/2500,
TrueSight,Tumor15,A502,TGCTAAGT,i5,,,Illumina,2000/2500,
TrueSight,Tumor15,A501,AAGGTTCA,i5,,,Illumina,3000/4000,
TrueSight,Tumor15,A502,ACTTAGCA,i5,,,Illumina,3000/4000,
TrueSight,RNA_Pan-Cancer_Panel,universal,AATGATACGGCGACCACCGAGATCTACACTCTTTCCCTACACGACGCTCTTCCGATCT,,AATGATACGGCGACCACCGAGATCTACACTCTTTCCCTACACGACGCTCTTCCGATCT,,Illumina,,1
TrueSight,RNA_Pan-Cancer_Panel,AR001,ATCACG,,GATCGGAAGAGCACACGTCTGAACTCCAGTCACATCACGATCTCGTATGCCGTCTTCTGCTTG,,Illumina,,1
TrueSight,RNA_Pan-Cancer_Panel,AR002,CGATGT,,GATCGGAAGAGCACACGTCTGAACTCCAGTCACCGATGTATCTCGTATGCCGTCTTCTGCTTG,,Illumina,,1
TrueSight,RNA_Pan-Cancer_Panel,AR003,TTAGGC,,GATCGGAAGAGCACACGTCTGAACTCCAGTCACTTAGGCTCTCGTATGCCGTCTTCTGCTTG,,Illumina,,1
TrueSight,RNA_Pan-Cancer_Panel,AR004,TGACCA,,GATCGGAAGAGCACACGTCTGAACTCCAGTCACTGACCAATCTCGTATGCCGTCTTCTGCTTG,,Illumina,,1
TrueSight,RNA_Pan-Cancer_Panel,AR005,ACAGTG,,GATCGGAAGAGCACACGTCTGAACTCCAGTCACACAGTGATCTCGTATGCCGTCTTCTGCTTG,,Illumina,,1
TrueSight,RNA_Pan-Cancer_Panel,AR006,GCCAAT,,GATCGGAAGAGCACACGTCTGAACTCCAGTCACGCCAATATCTCGTATGCCGTCTTCTGCTTG,,Illumina,,1
TrueSight,RNA_Pan-Cancer_Panel,AR007,CAGATC,,GATCGGAAGAGCACACGTCTGAACTCCAGTCACCAGATCATCTCGTATGCCGTCTTCTGCTTG,,Illumina,,1
TrueSight,RNA_Pan-Cancer_Panel,AR008,ACTTGA,,GATCGGAAGAGCACACGTCTGAACTCCAGTCACACTTGAATCTCGTATGCCGTCTTCTGCTTG,,Illumina,,1
TrueSight,RNA_Pan-Cancer_Panel,AR009,GATCAG,,GATCGGAAGAGCACACGTCTGAACTCCAGTCACGATCAGATCTCGTATGCCGTCTTCTGCTTG,,Illumina,,1
TrueSight,RNA_Pan-Cancer_Panel,AR010,TAGCTT,,GATCGGAAGAGCACACGTCTGAACTCCAGTCACTAGCTTATCTCGTATGCCGTCTTCTGCTTG,,Illumina,,1
TrueSight,RNA_Pan-Cancer_Panel,AR011,GGCTAC,,GATCGGAAGAGCACACGTCTGAACTCCAGTCACGGCTACATCTCGTATGCCGTCTTCTGCTTG,,Illumina,,1
TrueSight,RNA_Pan-Cancer_Panel,AR012,CTTGTA,,GATCGGAAGAGCACACGTCTGAACTCCAGTCACCTTGTAATCTCGTATGCCGTCTTCTGCTTG,,Illumina,,1
TrueSight,RNA_Pan-Cancer_Panel,AR013,AGTCAA,,GATCGGAAGAGCACACGTCTGAACTCCAGTCACAGTCAACAATCTCGTATGCCGTCTTCTGCTTG,,Illumina,,1
TrueSight,RNA_Pan-Cancer_Panel,AR014,AGTTCC,,GATCGGAAGAGCACACGTCTGAACTCCAGTCACAGTTCCGTATCTCGTATGCCGTCTTCTGCTTG,,Illumina,,1
TrueSight,RNA_Pan-Cancer_Panel,AR015,ATGTCA,,GATCGGAAGAGCACACGTCTGAACTCCAGTCACATGTCAGAATCTCGTATGCCGTCTTCTGCTTG,,Illumina,,1
TrueSight,RNA_Pan-Cancer_Panel,AR016,CCGTCC,,GATCGGAAGAGCACACGTCTGAACTCCAGTCACCCGTCCGAATCTCGTATGCCGTCTTCTGCTTG,,Illumina,,1
TrueSight,RNA_Pan-Cancer_Panel,AR018,GTCCGC,,GATCGGAAGAGCACACGTCTGAACTCCAGTCACGTCCGCCGATCTCGTATGCCGTCTTCTGCTTG,,Illumina,,1
TrueSight,RNA_Pan-Cancer_Panel,AR019,GTGAAA,,GATCGGAAGAGCACACGTCTGAACTCCAGTCACGTGAAACGATCTCGTATGCCGTCTTCTGCTTG,,Illumina,,1
TrueSight,RNA_Pan-Cancer_Panel,AR020,GTGGCC,,GATCGGAAGAGCACACGTCTGAACTCCAGTCACGTGGCCACATCTCGTATGCCGTCTTCTGCTTG,,Illumina,,1
TrueSight,RNA_Pan-Cancer_Panel,AR021,GTTTCG,,GATCGGAAGAGCACACGTCTGAACTCCAGTCACGTTTCGTTATCTCGTATGCCGTCTTCTGCTTG,,Illumina,,1
TrueSight,RNA_Pan-Cancer_Panel,AR022,CGTACG,,GATCGGAAGAGCACACGTCTGAACTCCAGTCACCGTACGTTATCTCGTATGCCGTCTTCTGCTTG,,Illumina,,1
TrueSight,RNA_Pan-Cancer_Panel,AR023,GAGTGG,,GATCGGAAGAGCACACGTCTGAACTCCAGTCACGAGTGGTAATCTCGTATGCCGTCTTCTGCTTG,,Illumina,,1
TrueSight,RNA_Pan-Cancer_Panel,AR025,ACTGAT,,GATCGGAAGAGCACACGTCTGAACTCCAGTCACACTGATATATCTCGTATGCCGTCTTCTGCTTG,,Illumina,,1
TrueSight,RNA_Pan-Cancer_Panel,AR027,ATTCCT,,GATCGGAAGAGCACACGTCTGAACTCCAGTCACATTCCTATATCTCGTATGCCGTCTTCTGCTTG,,Illumina,,1
TrueSight,Rapid_Capture,N701,TAAGGCGA,i7,,,Illumina,,
TrueSight,Rapid_Capture,N702,CGTACTAG,i7,,,Illumina,,
TrueSight,Rapid_Capture,N703,AGGCAGAA,i7,,,Illumina,,
TrueSight,Rapid_Capture,N704,TCCTGAGC,i7,,,Illumina,,
TrueSight,Rapid_Capture,N705,GGACTCCT,i7,,,Illumina,,
TrueSight,Rapid_Capture,N706,TAGGCATG,i7,,,Illumina,,
TrueSight,Rapid_Capture,N707,CTCTCTAC,i7,,,Illumina,,
TrueSight,Rapid_Capture,N708,CAGAGAGG,i7,,,Illumina,,
TrueSight,Rapid_Capture,N709,GCTACGCT,i7,,,Illumina,,
TrueSight,Rapid_Capture,N710,CGAGGCTG,i7,,,Illumina,,
TrueSight,Rapid_Capture,N711,AAGAGGCA,i7,,,Illumina,,
TrueSight,Rapid_Capture,N712,GTAGAGGA,i7,,,Illumina,,
TrueSight,Rapid_Capture,E502,CTCTCTAT,i5,,,Illumina,2000/2500,
TrueSight,Rapid_Capture,E505,GTAAGGAG,i5,,,Illumina,2000/2500,
TrueSight,Rapid_Capture,E506,ACTGCATA,i5,,,Illumina,2000/2500,
TrueSight,Rapid_Capture,E517,GCGTAAGA,i5,,,Illumina,2000/2500,
TrueSight,Rapid_Capture,E502,ATAGAGAG,i5,,,Illumina,3000/4000,
TrueSight,Rapid_Capture,E505,CTCCTTAC,i5,,,Illumina,3000/4000,
TrueSight,Rapid_Capture,E506,TATGCAGT,i5,,,Illumina,3000/4000,
TrueSight,Rapid_Capture,E517,TCTTACGC,i5,,,Illumina,3000/4000,
TrueSight,Autism,N701,TAAGGCGA,i7,,,Illumina,,
TrueSight,Autism,N702,CGTACTAG,i7,,,Illumina,,
TrueSight,Autism,N703,AGGCAGAA,i7,,,Illumina,,
TrueSight,Autism,N704,TCCTGAGC,i7,,,Illumina,,
TrueSight,Autism,N705,GGACTCCT,i7,,,Illumina,,
TrueSight,Autism,N706,TAGGCATG,i7,,,Illumina,,
TrueSight,Autism,N707,CTCTCTAC,i7,,,Illumina,,
TrueSight,Autism,N708,CAGAGAGG,i7,,,Illumina,,
TrueSight,Autism,N709,GCTACGCT,i7,,,Illumina,,
TrueSight,Autism,N710,CGAGGCTG,i7,,,Illumina,,
TrueSight,Autism,N711,AAGAGGCA,i7,,,Illumina,,
TrueSight,Autism,N712,GTAGAGGA,i7,,,Illumina,,
TrueSight,Autism,E502,CTCTCTAT,i5,,,Illumina,2000/2500,
TrueSight,Autism,E505,GTAAGGAG,i5,,,Illumina,2000/2500,
TrueSight,Autism,E506,ACTGCATA,i5,,,Illumina,2000/2500,
TrueSight,Autism,E517,GCGTAAGA,i5,,,Illumina,2000/2500,
TrueSight,Autism,E502,ATAGAGAG,i5,,,Illumina,3000/4000,
TrueSight,Autism,E505,CTCCTTAC,i5,,,Illumina,3000/4000,
TrueSight,Autism,E506,TATGCAGT,i5,,,Illumina,3000/4000,
TrueSight,Autism,E517,TCTTACGC,i5,,,Illumina,3000/4000,
TrueSight,Cancer,N701,TAAGGCGA,i7,,,Illumina,,
TrueSight,Cancer,N702,CGTACTAG,i7,,,Illumina,,
TrueSight,Cancer,N703,AGGCAGAA,i7,,,Illumina,,
TrueSight,Cancer,N704,TCCTGAGC,i7,,,Illumina,,
TrueSight,Cancer,N705,GGACTCCT,i7,,,Illumina,,
TrueSight,Cancer,N706,TAGGCATG,i7,,,Illumina,,
TrueSight,Cancer,N707,CTCTCTAC,i7,,,Illumina,,
TrueSight,Cancer,N708,CAGAGAGG,i7,,,Illumina,,
TrueSight,Cancer,N709,GCTACGCT,i7,,,Illumina,,
TrueSight,Cancer,N710,CGAGGCTG,i7,,,Illumina,,
TrueSight,Cancer,N711,AAGAGGCA,i7,,,Illumina,,
TrueSight,Cancer,N712,GTAGAGGA,i7,,,Illumina,,
TrueSight,Cancer,E502,CTCTCTAT,i5,,,Illumina,2000/2500,
TrueSight,Cancer,E505,GTAAGGAG,i5,,,Illumina,2000/2500,
TrueSight,Cancer,E506,ACTGCATA,i5,,,Illumina,2000/2500,
TrueSight,Cancer,E517,GCGTAAGA,i5,,,Illumina,2000/2500,
TrueSight,Cancer,E502,ATAGAGAG,i5,,,Illumina,3000/4000,
TrueSight,Cancer,E505,CTCCTTAC,i5,,,Illumina,3000/4000,
TrueSight,Cancer,E506,TATGCAGT,i5,,,Illumina,3000/4000,
TrueSight,Cancer,E517,TCTTACGC,i5,,,Illumina,3000/4000,
TrueSight,Inherited_Disease,N701,TAAGGCGA,i7,,,Illumina,,
TrueSight,Inherited_Disease,N702,CGTACTAG,i7,,,Illumina,,
TrueSight,Inherited_Disease,N703,AGGCAGAA,i7,,,Illumina,,
TrueSight,Inherited_Disease,N704,TCCTGAGC,i7,,,Illumina,,
TrueSight,Inherited_Disease,N705,GGACTCCT,i7,,,Illumina,,
TrueSight,Inherited_Disease,N706,TAGGCATG,i7,,,Illumina,,
TrueSight,Inherited_Disease,N707,CTCTCTAC,i7,,,Illumina,,
TrueSight,Inherited_Disease,N708,CAGAGAGG,i7,,,Illumina,,
TrueSight,Inherited_Disease,N709,GCTACGCT,i7,,,Illumina,,
TrueSight,Inherited_Disease,N710,CGAGGCTG,i7,,,Illumina,,
TrueSight,Inherited_Disease,N711,AAGAGGCA,i7,,,Illumina,,
TrueSight,Inherited_Disease,N712,GTAGAGGA,i7,,,Illumina,,
TrueSight,Inherited_Disease,E502,CTCTCTAT,i5,,,Illumina,2000/2500,
TrueSight,Inherited_Disease,E505,GTAAGGAG,i5,,,Illumina,2000/2500,
TrueSight,Inherited_Disease,E506,ACTGCATA,i5,,,Illumina,2000/2500,
TrueSight,Inherited_Disease,E517,GCGTAAGA,i5,,,Illumina,2000/2500,
TrueSight,Inherited_Disease,E502,ATAGAGAG,i5,,,Illumina,3000/4000,
TrueSight,Inherited_Disease,E505,CTCCTTAC,i5,,,Illumina,3000/4000,
TrueSight,Inherited_Disease,E506,TATGCAGT,i5,,,Illumina,3000/4000,
TrueSight,Inherited_Disease,E517,TCTTACGC,i5,,,Illumina,3000/4000,
Nextera,DNA,N701,TAAGGCGA,i7,CAAGCAGAAGACGGCATACGAGATTAAGGCGAGTCTCGTGGGCTCGG,,Illumina,,1
Nextera,DNA,N702,CGTACTAG,i7,CAAGCAGAAGACGGCATACGAGATCGTACTAGGTCTCGTGGGCTCGG,,Illumina,,1
Nextera,DNA,N703,AGGCAGAA,i7,CAAGCAGAAGACGGCATACGAGATAGGCAGAAGTCTCGTGGGCTCGG,,Illumina,,1
Nextera,DNA,N704,TCCTGAGC,i7,CAAGCAGAAGACGGCATACGAGATTCCTGAGCGTCTCGTGGGCTCGG,,Illumina,,1
Nextera,DNA,N705,GGACTCCT,i7,CAAGCAGAAGACGGCATACGAGATGGACTCCTGTCTCGTGGGCTCGG,,Illumina,,1
Nextera,DNA,N706,TAGGCATG,i7,CAAGCAGAAGACGGCATACGAGATTAGGCATGGTCTCGTGGGCTCGG,,Illumina,,1
Nextera,DNA,N707,CTCTCTAC,i7,CAAGCAGAAGACGGCATACGAGATCTCTCTACGTCTCGTGGGCTCGG,,Illumina,,1
Nextera,DNA,N708,CAGAGAGG,i7,CAAGCAGAAGACGGCATACGAGATCAGAGAGGGTCTCGTGGGCTCGG,,Illumina,,1
Nextera,DNA,N709,GCTACGCT,i7,CAAGCAGAAGACGGCATACGAGATGCTACGCTGTCTCGTGGGCTCGG,,Illumina,,1
Nextera,DNA,N710,CGAGGCTG,i7,CAAGCAGAAGACGGCATACGAGATCGAGGCTGGTCTCGTGGGCTCGG,,Illumina,,1
Nextera,DNA,N711,AAGAGGCA,i7,CAAGCAGAAGACGGCATACGAGATAAGAGGCAGTCTCGTGGGCTCGG,,Illumina,,1
Nextera,DNA,N712,GTAGAGGA,i7,CAAGCAGAAGACGGCATACGAGATGTAGAGGAGTCTCGTGGGCTCGG,,Illumina,,1
Nextera,XT,N701,TAAGGCGA,i7,CAAGCAGAAGACGGCATACGAGATTAAGGCGAGTCTCGTGGGCTCGG,,Illumina,,1
Nextera,XT,N702,CGTACTAG,i7,CAAGCAGAAGACGGCATACGAGATCGTACTAGGTCTCGTGGGCTCGG,,Illumina,,1
Nextera,XT,N703,AGGCAGAA,i7,CAAGCAGAAGACGGCATACGAGATAGGCAGAAGTCTCGTGGGCTCGG,,Illumina,,1
Nextera,XT,N704,TCCTGAGC,i7,CAAGCAGAAGACGGCATACGAGATTCCTGAGCGTCTCGTGGGCTCGG,,Illumina,,1
Nextera,XT,N705,GGACTCCT,i7,CAAGCAGAAGACGGCATACGAGATGGACTCCTGTCTCGTGGGCTCGG,,Illumina,,1
Nextera,XT,N706,TAGGCATG,i7,CAAGCAGAAGACGGCATACGAGATTAGGCATGGTCTCGTGGGCTCGG,,Illumina,,1
Nextera,XT,N707,CTCTCTAC,i7,CAAGCAGAAGACGGCATACGAGATCTCTCTACGTCTCGTGGGCTCGG,,Illumina,,1
Nextera,XT,N708,CAGAGAGG,i7,CAAGCAGAAGACGGCATACGAGATCAGAGAGGGTCTCGTGGGCTCGG,,Illumina,,1
Nextera,XT,N709,GCTACGCT,i7,CAAGCAGAAGACGGCATACGAGATGCTACGCTGTCTCGTGGGCTCGG,,Illumina,,1
Nextera,XT,N710,CGAGGCTG,i7,CAAGCAGAAGACGGCATACGAGATCGAGGCTGGTCTCGTGGGCTCGG,,Illumina,,1
Nextera,XT,N711,AAGAGGCA,i7,CAAGCAGAAGACGGCATACGAGATAAGAGGCAGTCTCGTGGGCTCGG,,Illumina,,1
Nextera,XT,N712,GTAGAGGA,i7,CAAGCAGAAGACGGCATACGAGATGTAGAGGAGTCTCGTGGGCTCGG,,Illumina,,1
Nextera,Enrichment,N701,TAAGGCGA,i7,CAAGCAGAAGACGGCATACGAGATTAAGGCGAGTCTCGTGGGCTCGG,,Illumina,,1
Nextera,Enrichment,N702,CGTACTAG,i7,CAAGCAGAAGACGGCATACGAGATCGTACTAGGTCTCGTGGGCTCGG,,Illumina,,1
Nextera,Enrichment,N703,AGGCAGAA,i7,CAAGCAGAAGACGGCATACGAGATAGGCAGAAGTCTCGTGGGCTCGG,,Illumina,,1
Nextera,Enrichment,N704,TCCTGAGC,i7,CAAGCAGAAGACGGCATACGAGATTCCTGAGCGTCTCGTGGGCTCGG,,Illumina,,1
Nextera,Enrichment,N705,GGACTCCT,i7,CAAGCAGAAGACGGCATACGAGATGGACTCCTGTCTCGTGGGCTCGG,,Illumina,,1
Nextera,Enrichment,N706,TAGGCATG,i7,CAAGCAGAAGACGGCATACGAGATTAGGCATGGTCTCGTGGGCTCGG,,Illumina,,1
Nextera,Enrichment,N707,CTCTCTAC,i7,CAAGCAGAAGACGGCATACGAGATCTCTCTACGTCTCGTGGGCTCGG,,Illumina,,1
Nextera,Enrichment,N708,CAGAGAGG,i7,CAAGCAGAAGACGGCATACGAGATCAGAGAGGGTCTCGTGGGCTCGG,,Illumina,,1
Nextera,Enrichment,N709,GCTACGCT,i7,CAAGCAGAAGACGGCATACGAGATGCTACGCTGTCTCGTGGGCTCGG,,Illumina,,1
Nextera,Enrichment,N710,CGAGGCTG,i7,CAAGCAGAAGACGGCATACGAGATCGAGGCTGGTCTCGTGGGCTCGG,,Illumina,,1
Nextera,Enrichment,N711,AAGAGGCA,i7,CAAGCAGAAGACGGCATACGAGATAAGAGGCAGTCTCGTGGGCTCGG,,Illumina,,1
Nextera,Enrichment,N712,GTAGAGGA,i7,CAAGCAGAAGACGGCATACGAGATGTAGAGGAGTCTCGTGGGCTCGG,,Illumina,,1
Nextera,Rapid_Capture,N701,TAAGGCGA,i7,CAAGCAGAAGACGGCATACGAGATTAAGGCGAGTCTCGTGGGCTCGG,,Illumina,,1
Nextera,Rapid_Capture,N702,CGTACTAG,i7,CAAGCAGAAGACGGCATACGAGATCGTACTAGGTCTCGTGGGCTCGG,,Illumina,,1
Nextera,Rapid_Capture,N703,AGGCAGAA,i7,CAAGCAGAAGACGGCATACGAGATAGGCAGAAGTCTCGTGGGCTCGG,,Illumina,,1
Nextera,Rapid_Capture,N704,TCCTGAGC,i7,CAAGCAGAAGACGGCATACGAGATTCCTGAGCGTCTCGTGGGCTCGG,,Illumina,,1
Nextera,Rapid_Capture,N705,GGACTCCT,i7,CAAGCAGAAGACGGCATACGAGATGGACTCCTGTCTCGTGGGCTCGG,,Illumina,,1
Nextera,Rapid_Capture,N706,TAGGCATG,i7,CAAGCAGAAGACGGCATACGAGATTAGGCATGGTCTCGTGGGCTCGG,,Illumina,,1
Nextera,Rapid_Capture,N707,CTCTCTAC,i7,CAAGCAGAAGACGGCATACGAGATCTCTCTACGTCTCGTGGGCTCGG,,Illumina,,1
Nextera,Rapid_Capture,N708,CAGAGAGG,i7,CAAGCAGAAGACGGCATACGAGATCAGAGAGGGTCTCGTGGGCTCGG,,Illumina,,1
Nextera,Rapid_Capture,N709,GCTACGCT,i7,CAAGCAGAAGACGGCATACGAGATGCTACGCTGTCTCGTGGGCTCGG,,Illumina,,1
Nextera,Rapid_Capture,N710,CGAGGCTG,i7,CAAGCAGAAGACGGCATACGAGATCGAGGCTGGTCTCGTGGGCTCGG,,Illumina,,1
Nextera,Rapid_Capture,N711,AAGAGGCA,i7,CAAGCAGAAGACGGCATACGAGATAAGAGGCAGTCTCGTGGGCTCGG,,Illumina,,1
Nextera,Rapid_Capture,N712,GTAGAGGA,i7,CAAGCAGAAGACGGCATACGAGATGTAGAGGAGTCTCGTGGGCTCGG,,Illumina,,1
Nextera,DNA,N501,TAGATCGC,i5,AATGATACGGCGACCACCGAGATCTACACTAGATCGCTCGTCGGCAGCGTC,,Illumina,2000/2500,1
Nextera,DNA,N502,CTCTCTAT,i5,AATGATACGGCGACCACCGAGATCTACACCTCTCTATTCGTCGGCAGCGTC,,Illumina,2000/2500,1
Nextera,DNA,N503,TATCCTCT,i5,AATGATACGGCGACCACCGAGATCTACACTATCCTCTTCGTCGGCAGCGTC,,Illumina,2000/2500,1
Nextera,DNA,N504,AGAGTAGA,i5,AATGATACGGCGACCACCGAGATCTACACAGAGTAGATCGTCGGCAGCGTC,,Illumina,2000/2500,1
Nextera,DNA,N505,GTAAGGAG,i5,AATGATACGGCGACCACCGAGATCTACACGTAAGGAGTCGTCGGCAGCGTC,,Illumina,2000/2500,1
Nextera,DNA,N506,ACTGCATA,i5,AATGATACGGCGACCACCGAGATCTACACACTGCATATCGTCGGCAGCGTC,,Illumina,2000/2500,1
Nextera,DNA,N507,AAGGAGTA,i5,AATGATACGGCGACCACCGAGATCTACACAAGGAGTATCGTCGGCAGCGTC,,Illumina,2000/2500,1
Nextera,DNA,N508,CTAAGCCT,i5,AATGATACGGCGACCACCGAGATCTACACCTAAGCCTTCGTCGGCAGCGTC,,Illumina,2000/2500,1
Nextera,DNA,N517,GCGTAAGA,i5,AATGATACGGCGACCACCGAGATCTACACGCGTAAGATCGTCGGCAGCGTC,,Illumina,2000/2500,1
Nextera,DNA,N501,GCGATCTA,i5,AATGATACGGCGACCACCGAGATCTACACGCGATCTATCGTCGGCAGCGTC,,Illumina,3000/4000,1
Nextera,DNA,N502,ATAGAGAG,i5,AATGATACGGCGACCACCGAGATCTACACATAGAGAGTCGTCGGCAGCGTC,,Illumina,3000/4000,1
Nextera,DNA,N503,AGAGGATA,i5,AATGATACGGCGACCACCGAGATCTACACAGAGGATATCGTCGGCAGCGTC,,Illumina,3000/4000,1
Nextera,DNA,N504,TCTACTCT,i5,AATGATACGGCGACCACCGAGATCTACACTCTACTCTTCGTCGGCAGCGTC,,Illumina,3000/4000,1
Nextera,DNA,N505,CTCCTTAC,i5,AATGATACGGCGACCACCGAGATCTACACCTCCTTACTCGTCGGCAGCGTC,,Illumina,3000/4000,1
Nextera,DNA,N506,TATGCAGT,i5,AATGATACGGCGACCACCGAGATCTACACTATGCAGTTCGTCGGCAGCGTC,,Illumina,3000/4000,1
Nextera,DNA,N507,TACTCCTT,i5,AATGATACGGCGACCACCGAGATCTACACTACTCCTTTCGTCGGCAGCGTC,,Illumina,3000/4000,1
Nextera,DNA,N508,AGGCTTAG,i5,AATGATACGGCGACCACCGAGATCTACACAGGCTTAGTCGTCGGCAGCGTC,,Illumina,3000/4000,1
Nextera,DNA,N517,TCTTACGC,i5,AATGATACGGCGACCACCGAGATCTACACTCTTACGCTCGTCGGCAGCGTC,,Illumina,3000/4000,1
Nextera,XT,S501,TAGATCGC,i5,AATGATACGGCGACCACCGAGATCTACACTAGATCGCTCGTCGGCAGCGTC,,Illumina,2000/2500,1
Nextera,XT,S502,CTCTCTAT,i5,AATGATACGGCGACCACCGAGATCTACACCTCTCTATTCGTCGGCAGCGTC,,Illumina,2000/2500,1
Nextera,XT,S503,TATCCTCT,i5,AATGATACGGCGACCACCGAGATCTACACTATCCTCTTCGTCGGCAGCGTC,,Illumina,2000/2500,1
Nextera,XT,S504,AGAGTAGA,i5,AATGATACGGCGACCACCGAGATCTACACAGAGTAGATCGTCGGCAGCGTC,,Illumina,2000/2500,1
Nextera,XT,S505,GTAAGGAG,i5,AATGATACGGCGACCACCGAGATCTACACGTAAGGAGTCGTCGGCAGCGTC,,Illumina,2000/2500,1
Nextera,XT,S506,ACTGCATA,i5,AATGATACGGCGACCACCGAGATCTACACACTGCATATCGTCGGCAGCGTC,,Illumina,2000/2500,1
Nextera,XT,S507,AAGGAGTA,i5,AATGATACGGCGACCACCGAGATCTACACAAGGAGTATCGTCGGCAGCGTC,,Illumina,2000/2500,1
Nextera,XT,S508,CTAAGCCT,i5,AATGATACGGCGACCACCGAGATCTACACCTAAGCCTTCGTCGGCAGCGTC,,Illumina,2000/2500,1
Nextera,XT,S517,GCGTAAGA,i5,AATGATACGGCGACCACCGAGATCTACACGCGTAAGATCGTCGGCAGCGTC,,Illumina,2000/2500,1
Nextera,XT,S501,GCGATCTA,i5,AATGATACGGCGACCACCGAGATCTACACGCGATCTATCGTCGGCAGCGTC,,Illumina,3000/4000,1
Nextera,XT,S502,ATAGAGAG,i5,AATGATACGGCGACCACCGAGATCTACACATAGAGAGTCGTCGGCAGCGTC,,Illumina,3000/4000,1
Nextera,XT,S503,AGAGGATA,i5,AATGATACGGCGACCACCGAGATCTACACAGAGGATATCGTCGGCAGCGTC,,Illumina,3000/4000,1
Nextera,XT,S504,TCTACTCT,i5,AATGATACGGCGACCACCGAGATCTACACTCTACTCTTCGTCGGCAGCGTC,,Illumina,3000/4000,1
Nextera,XT,S505,CTCCTTAC,i5,AATGATACGGCGACCACCGAGATCTACACCTCCTTACTCGTCGGCAGCGTC,,Illumina,3000/4000,1
Nextera,XT,S506,TATGCAGT,i5,AATGATACGGCGACCACCGAGATCTACACTATGCAGTTCGTCGGCAGCGTC,,Illumina,3000/4000,1
Nextera,XT,S507,TACTCCTT,i5,AATGATACGGCGACCACCGAGATCTACACTACTCCTTTCGTCGGCAGCGTC,,Illumina,3000/4000,1
Nextera,XT,S508,AGGCTTAG,i5,AATGATACGGCGACCACCGAGATCTACACAGGCTTAGTCGTCGGCAGCGTC,,Illumina,3000/4000,1
Nextera,XT,S517,TCTTACGC,i5,AATGATACGGCGACCACCGAGATCTACACTCTTACGCTCGTCGGCAGCGTC,,Illumina,3000/4000,1
Nextera,Enrichment,E501,TAGATCGC,i5,AATGATACGGCGACCACCGAGATCTACACTAGATCGCTCGTCGGCAGCGTC,,Illumina,2000/2500,1
Nextera,Enrichment,E502,CTCTCTAT,i5,AATGATACGGCGACCACCGAGATCTACACCTCTCTATTCGTCGGCAGCGTC,,Illumina,2000/2500,1
Nextera,Enrichment,E503,TATCCTCT,i5,AATGATACGGCGACCACCGAGATCTACACTATCCTCTTCGTCGGCAGCGTC,,Illumina,2000/2500,1
Nextera,Enrichment,E504,AGAGTAGA,i5,AATGATACGGCGACCACCGAGATCTACACAGAGTAGATCGTCGGCAGCGTC,,Illumina,2000/2500,1
Nextera,Enrichment,E505,GTAAGGAG,i5,AATGATACGGCGACCACCGAGATCTACACGTAAGGAGTCGTCGGCAGCGTC,,Illumina,2000/2500,1
Nextera,Enrichment,E506,ACTGCATA,i5,AATGATACGGCGACCACCGAGATCTACACACTGCATATCGTCGGCAGCGTC,,Illumina,2000/2500,1
Nextera,Enrichment,E507,AAGGAGTA,i5,AATGATACGGCGACCACCGAGATCTACACAAGGAGTATCGTCGGCAGCGTC,,Illumina,2000/2500,1
Nextera,Enrichment,E508,CTAAGCCT,i5,AATGATACGGCGACCACCGAGATCTACACCTAAGCCTTCGTCGGCAGCGTC,,Illumina,2000/2500,1
Nextera,Enrichment,E517,GCGTAAGA,i5,AATGATACGGCGACCACCGAGATCTACACGCGTAAGATCGTCGGCAGCGTC,,Illumina,2000/2500,1
Nextera,Enrichment,E501,GCGATCTA,i5,AATGATACGGCGACCACCGAGATCTACACGCGATCTATCGTCGGCAGCGTC,,Illumina,3000/4000,1
Nextera,Enrichment,E502,ATAGAGAG,i5,AATGATACGGCGACCACCGAGATCTACACATAGAGAGTCGTCGGCAGCGTC,,Illumina,3000/4000,1
Nextera,Enrichment,E503,AGAGGATA,i5,AATGATACGGCGACCACCGAGATCTACACAGAGGATATCGTCGGCAGCGTC,,Illumina,3000/4000,1
Nextera,Enrichment,E504,TCTACTCT,i5,AATGATACGGCGACCACCGAGATCTACACTCTACTCTTCGTCGGCAGCGTC,,Illumina,3000/4000,1
Nextera,Enrichment,E505,CTCCTTAC,i5,AATGATACGGCGACCACCGAGATCTACACCTCCTTACTCGTCGGCAGCGTC,,Illumina,3000/4000,1
Nextera,Enrichment,E506,TATGCAGT,i5,AATGATACGGCGACCACCGAGATCTACACTATGCAGTTCGTCGGCAGCGTC,,Illumina,3000/4000,1
Nextera,Enrichment,E507,TACTCCTT,i5,AATGATACGGCGACCACCGAGATCTACACTACTCCTTTCGTCGGCAGCGTC,,Illumina,3000/4000,1
Nextera,Enrichment,E508,AGGCTTAG,i5,AATGATACGGCGACCACCGAGATCTACACAGGCTTAGTCGTCGGCAGCGTC,,Illumina,3000/4000,1
Nextera,Enrichment,E517,TCTTACGC,i5,AATGATACGGCGACCACCGAGATCTACACTCTTACGCTCGTCGGCAGCGTC,,Illumina,3000/4000,1
Nextera,Rapid_Capture,E501,TAGATCGC,i5,AATGATACGGCGACCACCGAGATCTACACTAGATCGCTCGTCGGCAGCGTC,,Illumina,2000/2500,1
Nextera,Rapid_Capture,E502,CTCTCTAT,i5,AATGATACGGCGACCACCGAGATCTACACCTCTCTATTCGTCGGCAGCGTC,,Illumina,2000/2500,1
Nextera,Rapid_Capture,E503,TATCCTCT,i5,AATGATACGGCGACCACCGAGATCTACACTATCCTCTTCGTCGGCAGCGTC,,Illumina,2000/2500,1
Nextera,Rapid_Capture,E504,AGAGTAGA,i5,AATGATACGGCGACCACCGAGATCTACACAGAGTAGATCGTCGGCAGCGTC,,Illumina,2000/2500,1
Nextera,Rapid_Capture,E505,GTAAGGAG,i5,AATGATACGGCGACCACCGAGATCTACACGTAAGGAGTCGTCGGCAGCGTC,,Illumina,2000/2500,1
Nextera,Rapid_Capture,E506,ACTGCATA,i5,AATGATACGGCGACCACCGAGATCTACACACTGCATATCGTCGGCAGCGTC,,Illumina,2000/2500,1
Nextera,Rapid_Capture,E507,AAGGAGTA,i5,AATGATACGGCGACCACCGAGATCTACACAAGGAGTATCGTCGGCAGCGTC,,Illumina,2000/2500,1
Nextera,Rapid_Capture,E508,CTAAGCCT,i5,AATGATACGGCGACCACCGAGATCTACACCTAAGCCTTCGTCGGCAGCGTC,,Illumina,2000/2500,1
Nextera,Rapid_Capture,E517,GCGTAAGA,i5,AATGATACGGCGACCACCGAGATCTACACGCGTAAGATCGTCGGCAGCGTC,,Illumina,2000/2500,1
Nextera,Rapid_Capture,E501,GCGATCTA,i5,AATGATACGGCGACCACCGAGATCTACACGCGATCTATCGTCGGCAGCGTC,,Illumina,3000/4000,1
Nextera,Rapid_Capture,E502,ATAGAGAG,i5,AATGATACGGCGACCACCGAGATCTACACATAGAGAGTCGTCGGCAGCGTC,,Illumina,3000/4000,1
Nextera,Rapid_Capture,E503,AGAGGATA,i5,AATGATACGGCGACCACCGAGATCTACACAGAGGATATCGTCGGCAGCGTC,,Illumina,3000/4000,1
Nextera,Rapid_Capture,E504,TCTACTCT,i5,AATGATACGGCGACCACCGAGATCTACACTCTACTCTTCGTCGGCAGCGTC,,Illumina,3000/4000,1
Nextera,Rapid_Capture,E505,CTCCTTAC,i5,AATGATACGGCGACCACCGAGATCTACACCTCCTTACTCGTCGGCAGCGTC,,Illumina,3000/4000,1
Nextera,Rapid_Capture,E506,TATGCAGT,i5,AATGATACGGCGACCACCGAGATCTACACTATGCAGTTCGTCGGCAGCGTC,,Illumina,3000/4000,1
Nextera,Rapid_Capture,E507,TACTCCTT,i5,AATGATACGGCGACCACCGAGATCTACACTACTCCTTTCGTCGGCAGCGTC,,Illumina,3000/4000,1
Nextera,Rapid_Capture,E508,AGGCTTAG,i5,AATGATACGGCGACCACCGAGATCTACACAGGCTTAGTCGTCGGCAGCGTC,,Illumina,3000/4000,1
Nextera,Rapid_Capture,E517,TCTTACGC,i5,AATGATACGGCGACCACCGAGATCTACACTCTTACGCTCGTCGGCAGCGTC,,Illumina,3000/4000,1
Nextera,XT,N701,TAAGGCGA,i7,CAAGCAGAAGACGGCATACGAGATTAAGGCGAGTCTCGTGGGCTCGG,V2,Illumina,,1
Nextera,XT,N702,CGTACTAG,i7,CAAGCAGAAGACGGCATACGAGATCGTACTAGGTCTCGTGGGCTCGG,V2,Illumina,,1
Nextera,XT,N703,AGGCAGAA,i7,CAAGCAGAAGACGGCATACGAGATAGGCAGAAGTCTCGTGGGCTCGG,V2,Illumina,,1
Nextera,XT,N704,TCCTGAGC,i7,CAAGCAGAAGACGGCATACGAGATTCCTGAGCGTCTCGTGGGCTCGG,V2,Illumina,,1
Nextera,XT,N705,GGACTCCT,i7,CAAGCAGAAGACGGCATACGAGATGGACTCCTGTCTCGTGGGCTCGG,V2,Illumina,,1
Nextera,XT,N706,TAGGCATG,i7,CAAGCAGAAGACGGCATACGAGATTAGGCATGGTCTCGTGGGCTCGG,V2,Illumina,,1
Nextera,XT,N707,CTCTCTAC,i7,CAAGCAGAAGACGGCATACGAGATCTCTCTACGTCTCGTGGGCTCGG,V2,Illumina,,1
Nextera,XT,N710,CGAGGCTG,i7,CAAGCAGAAGACGGCATACGAGATCGAGGCTGGTCTCGTGGGCTCGG,V2,Illumina,,1
Nextera,XT,N711,AAGAGGCA,i7,CAAGCAGAAGACGGCATACGAGATAAGAGGCAGTCTCGTGGGCTCGG,V2,Illumina,,1
Nextera,XT,N712,GTAGAGGA,i7,CAAGCAGAAGACGGCATACGAGATGTAGAGGAGTCTCGTGGGCTCGG,V2,Illumina,,1
Nextera,XT,N714,GCTCATGA,i7,CAAGCAGAAGACGGCATACGAGATGCTCATGAGTCTCGTGGGCTCGG,V2,Illumina,,1
Nextera,XT,N715,ATCTCAGG,i7,CAAGCAGAAGACGGCATACGAGATATCTCAGGGTCTCGTGGGCTCGG,V2,Illumina,,1
Nextera,XT,N716,ACTCGCTA,i7,CAAGCAGAAGACGGCATACGAGATACTCGCTAGTCTCGTGGGCTCGG,V2,Illumina,,1
Nextera,XT,N718,GGAGCTAC,i7,CAAGCAGAAGACGGCATACGAGATGGAGCTACGTCTCGTGGGCTCGG,V2,Illumina,,1
Nextera,XT,N719,GCGTAGTA,i7,CAAGCAGAAGACGGCATACGAGATGCGTAGTAGTCTCGTGGGCTCGG,V2,Illumina,,1
Nextera,XT,N720,CGGAGCCT,i7,CAAGCAGAAGACGGCATACGAGATCGGAGCCTGTCTCGTGGGCTCGG,V2,Illumina,,1
Nextera,XT,N721,TACGCTGC,i7,CAAGCAGAAGACGGCATACGAGATTACGCTGCGTCTCGTGGGCTCGG,V2,Illumina,,1
Nextera,XT,N722,ATGCGCAG,i7,CAAGCAGAAGACGGCATACGAGATATGCGCAGGTCTCGTGGGCTCGG,V2,Illumina,,1
Nextera,XT,N723,TAGCGCTC,i7,CAAGCAGAAGACGGCATACGAGATTAGCGCTCGTCTCGTGGGCTCGG,V2,Illumina,,1
Nextera,XT,N724,ACTGAGCG,i7,CAAGCAGAAGACGGCATACGAGATACTGAGCGGTCTCGTGGGCTCGG,V2,Illumina,,1
Nextera,XT,N726,CCTAAGAC,i7,CAAGCAGAAGACGGCATACGAGATCCTAAGACGTCTCGTGGGCTCGG,V2,Illumina,,1
Nextera,XT,N727,CGATCAGT,i7,CAAGCAGAAGACGGCATACGAGATCGATCAGTGTCTCGTGGGCTCGG,V2,Illumina,,1
Nextera,XT,N728,TGCAGCTA,i7,CAAGCAGAAGACGGCATACGAGATTGCAGCTAGTCTCGTGGGCTCGG,V2,Illumina,,1
Nextera,XT,N729,TCGACGTC,i7,CAAGCAGAAGACGGCATACGAGATTCGACGTCGTCTCGTGGGCTCGG,V2,Illumina,,1
Nextera,XT,S502,CTCTCTAT,i5,AATGATACGGCGACCACCGAGATCTACACCTCTCTATTCGTCGGCAGCGTC,V2,Illumina,2000/2500,1
Nextera,XT,S503,TATCCTCT,i5,AATGATACGGCGACCACCGAGATCTACACTATCCTCTTCGTCGGCAGCGTC,V2,Illumina,2000/2500,1
Nextera,XT,S505,GTAAGGAG,i5,AATGATACGGCGACCACCGAGATCTACACGTAAGGAGTCGTCGGCAGCGTC,V2,Illumina,2000/2500,1
Nextera,XT,S506,ACTGCATA,i5,AATGATACGGCGACCACCGAGATCTACACACTGCATATCGTCGGCAGCGTC,V2,Illumina,2000/2500,1
Nextera,XT,S507,AAGGAGTA,i5,AATGATACGGCGACCACCGAGATCTACACAAGGAGTATCGTCGGCAGCGTC,V2,Illumina,2000/2500,1
Nextera,XT,S508,CTAAGCCT,i5,AATGATACGGCGACCACCGAGATCTACACCTAAGCCTTCGTCGGCAGCGTC,V2,Illumina,2000/2500,1
Nextera,XT,S510,CGTCTAAT,i5,AATGATACGGCGACCACCGAGATCTACACCGTCTAATTCGTCGGCAGCGTC,V2,Illumina,2000/2500,1
Nextera,XT,S511,TCTCTCCG,i5,AATGATACGGCGACCACCGAGATCTACACTCTCTCCGTCGTCGGCAGCGTC,V2,Illumina,2000/2500,1
Nextera,XT,S513,TCGACTAG,i5,AATGATACGGCGACCACCGAGATCTACACTCGACTAGTCGTCGGCAGCGTC,V2,Illumina,2000/2500,1
Nextera,XT,S515,TTCTAGCT,i5,AATGATACGGCGACCACCGAGATCTACACTTCTAGCTTCGTCGGCAGCGTC,V2,Illumina,2000/2500,1
Nextera,XT,S516,CCTAGAGT,i5,AATGATACGGCGACCACCGAGATCTACACCCTAGAGTTCGTCGGCAGCGTC,V2,Illumina,2000/2500,1
Nextera,XT,S517,GCGTAAGA,i5,AATGATACGGCGACCACCGAGATCTACACGCGTAAGATCGTCGGCAGCGTC,V2,Illumina,2000/2500,1
Nextera,XT,S518,CTATTAAG,i5,AATGATACGGCGACCACCGAGATCTACACCTATTAAGTCGTCGGCAGCGTC,V2,Illumina,2000/2500,1
Nextera,XT,S520,AAGGCTAT,i5,AATGATACGGCGACCACCGAGATCTACACAAGGCTATTCGTCGGCAGCGTC,V2,Illumina,2000/2500,1
Nextera,XT,S521,GAGCCTTA,i5,AATGATACGGCGACCACCGAGATCTACACGAGCCTTATCGTCGGCAGCGTC,V2,Illumina,2000/2500,1
Nextera,XT,S522,TTATGCGA,i5,AATGATACGGCGACCACCGAGATCTACACTTATGCGATCGTCGGCAGCGTC,V2,Illumina,2000/2500,1
Nextera,XT,S502,ATAGAGAG,i7,CAAGCAGAAGACGGCATACGAGATATAGAGAGGTCTCGTGGGCTCGG,V2,Illumina,,1
Nextera,XT,S503,AGAGGATA,i7,CAAGCAGAAGACGGCATACGAGATAGAGGATAGTCTCGTGGGCTCGG,V2,Illumina,,1
Nextera,XT,S505,CTCCTTAC,i7,CAAGCAGAAGACGGCATACGAGATCTCCTTACGTCTCGTGGGCTCGG,V2,Illumina,,1
Nextera,XT,S506,TATGCAGT,i7,CAAGCAGAAGACGGCATACGAGATTATGCAGTGTCTCGTGGGCTCGG,V2,Illumina,,1
Nextera,XT,S507,TACTCCTT,i7,CAAGCAGAAGACGGCATACGAGATTACTCCTTGTCTCGTGGGCTCGG,V2,Illumina,,1
Nextera,XT,S508,AGGCTTAG,i7,CAAGCAGAAGACGGCATACGAGATAGGCTTAGGTCTCGTGGGCTCGG,V2,Illumina,,1
Nextera,XT,S510,ATTAGACG,i7,CAAGCAGAAGACGGCATACGAGATATTAGACGGTCTCGTGGGCTCGG,V2,Illumina,,1
Nextera,XT,S511,CGGAGAGA,i7,CAAGCAGAAGACGGCATACGAGATCGGAGAGAGTCTCGTGGGCTCGG,V2,Illumina,,1
Nextera,XT,S513,CTAGTCGA,i7,CAAGCAGAAGACGGCATACGAGATCTAGTCGAGTCTCGTGGGCTCGG,V2,Illumina,,1
Nextera,XT,S515,AGCTAGAA,i7,CAAGCAGAAGACGGCATACGAGATAGCTAGAAGTCTCGTGGGCTCGG,V2,Illumina,,1
Nextera,XT,S516,ACTCTAGG,i7,CAAGCAGAAGACGGCATACGAGATACTCTAGGGTCTCGTGGGCTCGG,V2,Illumina,,1
Nextera,XT,S517,TCTTACGC,i7,CAAGCAGAAGACGGCATACGAGATTCTTACGCGTCTCGTGGGCTCGG,V2,Illumina,,1
Nextera,XT,S518,CTTAATAG,i7,CAAGCAGAAGACGGCATACGAGATCTTAATAGGTCTCGTGGGCTCGG,V2,Illumina,,1
Nextera,XT,S520,ATAGCCTT,i7,CAAGCAGAAGACGGCATACGAGATATAGCCTTGTCTCGTGGGCTCGG,V2,Illumina,,1
Nextera,XT,S521,TAAGGCTC,i7,CAAGCAGAAGACGGCATACGAGATTAAGGCTCGTCTCGTGGGCTCGG,V2,Illumina,,1
Nextera,XT,S522,TCGCATAA,i7,CAAGCAGAAGACGGCATACGAGATTCGCATAAGTCTCGTGGGCTCGG,V2,Illumina,,1
TruSeq,Amplicon_1.5,A701,ATCACGAC,i7,AATTTCGACGATCGTTGCATTAACTCGCGAATCACGACATCTCGTATGCCGTCTTCTGCTTG,,Illumina,,2
TruSeq,Amplicon_1.5,A702,ACAGTGGT,i7,AATTTCGACGATCGTTGCATTAACTCGCGAACAGTGGTATCTCGTATGCCGTCTTCTGCTTG,,Illumina,,2
TruSeq,Amplicon_1.5,A703,CAGATCCA,i7,AATTTCGACGATCGTTGCATTAACTCGCGACAGATCCAATCTCGTATGCCGTCTTCTGCTTG,,Illumina,,2
TruSeq,Amplicon_1.5,A704,ACAAACGG,i7,AATTTCGACGATCGTTGCATTAACTCGCGAACAAACGGATCTCGTATGCCGTCTTCTGCTTG,,Illumina,,2
TruSeq,Amplicon_1.5,A705,ACCCAGCA,i7,AATTTCGACGATCGTTGCATTAACTCGCGAACCCAGCAATCTCGTATGCCGTCTTCTGCTTG,,Illumina,,2
TruSeq,Amplicon_1.5,A706,AACCCCTC,i7,AATTTCGACGATCGTTGCATTAACTCGCGAAACCCCTCATCTCGTATGCCGTCTTCTGCTTG,,Illumina,,2
TruSeq,Amplicon_1.5,A707,CCCAACCT,i7,AATTTCGACGATCGTTGCATTAACTCGCGACCCAACCTATCTCGTATGCCGTCTTCTGCTTG,,Illumina,,2
TruSeq,Amplicon_1.5,A708,CACCACAC,i7,AATTTCGACGATCGTTGCATTAACTCGCGACACCACACATCTCGTATGCCGTCTTCTGCTTG,,Illumina,,2
TruSeq,Amplicon_1.5,A709,GAAACCCA,i7,AATTTCGACGATCGTTGCATTAACTCGCGAGAAACCCAATCTCGTATGCCGTCTTCTGCTTG,,Illumina,,2
TruSeq,Amplicon_1.5,A710,TGTGACCA,i7,AATTTCGACGATCGTTGCATTAACTCGCGATGTGACCAATCTCGTATGCCGTCTTCTGCTTG,,Illumina,,2
TruSeq,Amplicon_1.5,A711,AGGGTCAA,i7,AATTTCGACGATCGTTGCATTAACTCGCGAAGGGTCAAATCTCGTATGCCGTCTTCTGCTTG,,Illumina,,2
TruSeq,Amplicon_1.5,A712,AGGAGTGG,i7,AATTTCGACGATCGTTGCATTAACTCGCGAAGGAGTGGATCTCGTATGCCGTCTTCTGCTTG,,Illumina,,2
TruSeq,Amplicon_1.5,A501,TGAACCTT,i5,AATGATACGGCGACCACCGAGATCTACACTGAACCTTACACTCTTTCCCTACACGACGCTCTTCCGATCT,,Illumina,2000/2500,2
TruSeq,Amplicon_1.5,A502,TGCTAAGT,i5,AATGATACGGCGACCACCGAGATCTACACTGCTAAGTACACTCTTTCCCTACACGACGCTCTTCCGATCT,,Illumina,2000/2500,2
TruSeq,Amplicon_1.5,A503,TGTTCTCT,i5,AATGATACGGCGACCACCGAGATCTACACTGTTCTCTACACTCTTTCCCTACACGACGCTCTTCCGATCT,,Illumina,2000/2500,2
TruSeq,Amplicon_1.5,A504,TAAGACAC,i5,AATGATACGGCGACCACCGAGATCTACACTAAGACACACACTCTTTCCCTACACGACGCTCTTCCGATCT,,Illumina,2000/2500,2
TruSeq,Amplicon_1.5,A505,CTAATCGA,i5,AATGATACGGCGACCACCGAGATCTACACCTAATCGAACACTCTTTCCCTACACGACGCTCTTCCGATCT,,Illumina,2000/2500,2
TruSeq,Amplicon_1.5,A506,CTAGAACA,i5,AATGATACGGCGACCACCGAGATCTACACCTAGAACAACACTCTTTCCCTACACGACGCTCTTCCGATCT,,Illumina,2000/2500,2
TruSeq,Amplicon_1.5,A507,TAAGTTCC,i5,AATGATACGGCGACCACCGAGATCTACACTAAGTTCCACACTCTTTCCCTACACGACGCTCTTCCGATCT,,Illumina,2000/2500,2
TruSeq,Amplicon_1.5,A508,TAGACCTA,i5,AATGATACGGCGACCACCGAGATCTACACTAGACCTAACACTCTTTCCCTACACGACGCTCTTCCGATCT,,Illumina,2000/2500,2
TruSeq,Amplicon_1.5,A501,AAGGTTCA,i5,AATGATACGGCGACCACCGAGATCTACACAAGGTTCAACACTCTTTCCCTACACGACGCTCTTCCGATCT,,Illumina,3000/4000,2
TruSeq,Amplicon_1.5,A502,ACTTAGCA,i5,AATGATACGGCGACCACCGAGATCTACACACTTAGCAACACTCTTTCCCTACACGACGCTCTTCCGATCT,,Illumina,3000/4000,2
TruSeq,Amplicon_1.5,A503,AGAGAACA,i5,AATGATACGGCGACCACCGAGATCTACACAGAGAACAACACTCTTTCCCTACACGACGCTCTTCCGATCT,,Illumina,3000/4000,2
TruSeq,Amplicon_1.5,A504,GTGTCTTA,i5,AATGATACGGCGACCACCGAGATCTACACGTGTCTTAACACTCTTTCCCTACACGACGCTCTTCCGATCT,,Illumina,3000/4000,2
TruSeq,Amplicon_1.5,A505,TCGATTAG,i5,AATGATACGGCGACCACCGAGATCTACACTCGATTAGACACTCTTTCCCTACACGACGCTCTTCCGATCT,,Illumina,3000/4000,2
TruSeq,Amplicon_1.5,A506,TGTTCTAG,i5,AATGATACGGCGACCACCGAGATCTACACTGTTCTAGACACTCTTTCCCTACACGACGCTCTTCCGATCT,,Illumina,3000/4000,2
TruSeq,Amplicon_1.5,A507,GGAACTTA,i5,AATGATACGGCGACCACCGAGATCTACACGGAACTTAACACTCTTTCCCTACACGACGCTCTTCCGATCT,,Illumina,3000/4000,2
TruSeq,Amplicon_1.5,A508,TAGGTCTA,i5,AATGATACGGCGACCACCGAGATCTACACTAGGTCTAACACTCTTTCCCTACACGACGCTCTTCCGATCT,,Illumina,3000/4000,2
TruSeq,Amplicon_Cancer_Panel,A701,ATCACGAC,i7,AATTTCGACGATCGTTGCATTAACTCGCGAATCACGACATCTCGTATGCCGTCTTCTGCTTG,,Illumina,,2
TruSeq,Amplicon_Cancer_Panel,A702,ACAGTGGT,i7,AATTTCGACGATCGTTGCATTAACTCGCGAACAGTGGTATCTCGTATGCCGTCTTCTGCTTG,,Illumina,,2
TruSeq,Amplicon_Cancer_Panel,A703,CAGATCCA,i7,AATTTCGACGATCGTTGCATTAACTCGCGACAGATCCAATCTCGTATGCCGTCTTCTGCTTG,,Illumina,,2
TruSeq,Amplicon_Cancer_Panel,A704,ACAAACGG,i7,AATTTCGACGATCGTTGCATTAACTCGCGAACAAACGGATCTCGTATGCCGTCTTCTGCTTG,,Illumina,,2
TruSeq,Amplicon_Cancer_Panel,A705,ACCCAGCA,i7,AATTTCGACGATCGTTGCATTAACTCGCGAACCCAGCAATCTCGTATGCCGTCTTCTGCTTG,,Illumina,,2
TruSeq,Amplicon_Cancer_Panel,A706,AACCCCTC,i7,AATTTCGACGATCGTTGCATTAACTCGCGAAACCCCTCATCTCGTATGCCGTCTTCTGCTTG,,Illumina,,2
TruSeq,Amplicon_Cancer_Panel,A707,CCCAACCT,i7,AATTTCGACGATCGTTGCATTAACTCGCGACCCAACCTATCTCGTATGCCGTCTTCTGCTTG,,Illumina,,2
TruSeq,Amplicon_Cancer_Panel,A708,CACCACAC,i7,AATTTCGACGATCGTTGCATTAACTCGCGACACCACACATCTCGTATGCCGTCTTCTGCTTG,,Illumina,,2
TruSeq,Amplicon_Cancer_Panel,A709,GAAACCCA,i7,AATTTCGACGATCGTTGCATTAACTCGCGAGAAACCCAATCTCGTATGCCGTCTTCTGCTTG,,Illumina,,2
TruSeq,Amplicon_Cancer_Panel,A710,TGTGACCA,i7,AATTTCGACGATCGTTGCATTAACTCGCGATGTGACCAATCTCGTATGCCGTCTTCTGCTTG,,Illumina,,2
TruSeq,Amplicon_Cancer_Panel,A711,AGGGTCAA,i7,AATTTCGACGATCGTTGCATTAACTCGCGAAGGGTCAAATCTCGTATGCCGTCTTCTGCTTG,,Illumina,,2
TruSeq,Amplicon_Cancer_Panel,A712,AGGAGTGG,i7,AATTTCGACGATCGTTGCATTAACTCGCGAAGGAGTGGATCTCGTATGCCGTCTTCTGCTTG,,Illumina,,2
TruSeq,Amplicon_Cancer_Panel,A501,TGAACCTT,i5,AATGATACGGCGACCACCGAGATCTACACTGAACCTTACACTCTTTCCCTACACGACGCTCTTCCGATCT,,Illumina,2000/2500,2
TruSeq,Amplicon_Cancer_Panel,A502,TGCTAAGT,i5,AATGATACGGCGACCACCGAGATCTACACTGCTAAGTACACTCTTTCCCTACACGACGCTCTTCCGATCT,,Illumina,2000/2500,2
TruSeq,Amplicon_Cancer_Panel,A503,TGTTCTCT,i5,AATGATACGGCGACCACCGAGATCTACACTGTTCTCTACACTCTTTCCCTACACGACGCTCTTCCGATCT,,Illumina,2000/2500,2
TruSeq,Amplicon_Cancer_Panel,A504,TAAGACAC,i5,AATGATACGGCGACCACCGAGATCTACACTAAGACACACACTCTTTCCCTACACGACGCTCTTCCGATCT,,Illumina,2000/2500,2
TruSeq,Amplicon_Cancer_Panel,A505,CTAATCGA,i5,AATGATACGGCGACCACCGAGATCTACACCTAATCGAACACTCTTTCCCTACACGACGCTCTTCCGATCT,,Illumina,2000/2500,2
TruSeq,Amplicon_Cancer_Panel,A506,CTAGAACA,i5,AATGATACGGCGACCACCGAGATCTACACCTAGAACAACACTCTTTCCCTACACGACGCTCTTCCGATCT,,Illumina,2000/2500,2
TruSeq,Amplicon_Cancer_Panel,A507,TAAGTTCC,i5,AATGATACGGCGACCACCGAGATCTACACTAAGTTCCACACTCTTTCCCTACACGACGCTCTTCCGATCT,,Illumina,2000/2500,2
TruSeq,Amplicon_Cancer_Panel,A508,TAGACCTA,i5,AATGATACGGCGACCACCGAGATCTACACTAGACCTAACACTCTTTCCCTACACGACGCTCTTCCGATCT,,Illumina,2000/2500,2
TruSeq,Amplicon_Cancer_Panel,A501,AAGGTTCA,i5,AATGATACGGCGACCACCGAGATCTACACAAGGTTCAACACTCTTTCCCTACACGACGCTCTTCCGATCT,,Illumina,3000/4000,2
TruSeq,Amplicon_Cancer_Panel,A502,ACTTAGCA,i5,AATGATACGGCGACCACCGAGATCTACACACTTAGCAACACTCTTTCCCTACACGACGCTCTTCCGATCT,,Illumina,3000/4000,2
TruSeq,Amplicon_Cancer_Panel,A503,AGAGAACA,i5,AATGATACGGCGACCACCGAGATCTACACAGAGAACAACACTCTTTCCCTACACGACGCTCTTCCGATCT,,Illumina,3000/4000,2
TruSeq,Amplicon_Cancer_Panel,A504,GTGTCTTA,i5,AATGATACGGCGACCACCGAGATCTACACGTGTCTTAACACTCTTTCCCTACACGACGCTCTTCCGATCT,,Illumina,3000/4000,2
TruSeq,Amplicon_Cancer_Panel,A505,TCGATTAG,i5,AATGATACGGCGACCACCGAGATCTACACTCGATTAGACACTCTTTCCCTACACGACGCTCTTCCGATCT,,Illumina,3000/4000,2
TruSeq,Amplicon_Cancer_Panel,A506,TGTTCTAG,i5,AATGATACGGCGACCACCGAGATCTACACTGTTCTAGACACTCTTTCCCTACACGACGCTCTTCCGATCT,,Illumina,3000/4000,2
TruSeq,Amplicon_Cancer_Panel,A507,GGAACTTA,i5,AATGATACGGCGACCACCGAGATCTACACGGAACTTAACACTCTTTCCCTACACGACGCTCTTCCGATCT,,Illumina,3000/4000,2
TruSeq,Amplicon_Cancer_Panel,A508,TAGGTCTA,i5,AATGATACGGCGACCACCGAGATCTACACTAGGTCTAACACTCTTTCCCTACACGACGCTCTTCCGATCT,,Illumina,3000/4000,2
TruSeq,Amplicon_LT,A701,ATCACGAC,i7,AATTTCGACGATCGTTGCATTAACTCGCGAATCACGACATCTCGTATGCCGTCTTCTGCTTG,,Illumina,,2
TruSeq,Amplicon_LT,A702,ACAGTGGT,i7,AATTTCGACGATCGTTGCATTAACTCGCGAACAGTGGTATCTCGTATGCCGTCTTCTGCTTG,,Illumina,,2
TruSeq,Amplicon_LT,A703,CAGATCCA,i7,AATTTCGACGATCGTTGCATTAACTCGCGACAGATCCAATCTCGTATGCCGTCTTCTGCTTG,,Illumina,,2
TruSeq,Amplicon_LT,A704,ACAAACGG,i7,AATTTCGACGATCGTTGCATTAACTCGCGAACAAACGGATCTCGTATGCCGTCTTCTGCTTG,,Illumina,,2
TruSeq,Amplicon_LT,A705,ACCCAGCA,i7,AATTTCGACGATCGTTGCATTAACTCGCGAACCCAGCAATCTCGTATGCCGTCTTCTGCTTG,,Illumina,,2
TruSeq,Amplicon_LT,A706,AACCCCTC,i7,AATTTCGACGATCGTTGCATTAACTCGCGAAACCCCTCATCTCGTATGCCGTCTTCTGCTTG,,Illumina,,2
TruSeq,Amplicon_LT,A707,CCCAACCT,i7,AATTTCGACGATCGTTGCATTAACTCGCGACCCAACCTATCTCGTATGCCGTCTTCTGCTTG,,Illumina,,2
TruSeq,Amplicon_LT,A708,CACCACAC,i7,AATTTCGACGATCGTTGCATTAACTCGCGACACCACACATCTCGTATGCCGTCTTCTGCTTG,,Illumina,,2
TruSeq,Amplicon_LT,A709,GAAACCCA,i7,AATTTCGACGATCGTTGCATTAACTCGCGAGAAACCCAATCTCGTATGCCGTCTTCTGCTTG,,Illumina,,2
TruSeq,Amplicon_LT,A710,TGTGACCA,i7,AATTTCGACGATCGTTGCATTAACTCGCGATGTGACCAATCTCGTATGCCGTCTTCTGCTTG,,Illumina,,2
TruSeq,Amplicon_LT,A711,AGGGTCAA,i7,AATTTCGACGATCGTTGCATTAACTCGCGAAGGGTCAAATCTCGTATGCCGTCTTCTGCTTG,,Illumina,,2
TruSeq,Amplicon_LT,A712,AGGAGTGG,i7,AATTTCGACGATCGTTGCATTAACTCGCGAAGGAGTGGATCTCGTATGCCGTCTTCTGCTTG,,Illumina,,2
TruSeq,Cancer_Panel,A501,TGAACCTT,i5,,,Illumina,2000/2500,
TruSeq,Cancer_Panel,A502,TGCTAAGT,i5,,,Illumina,2000/2500,
TruSeq,Cancer_Panel,A503,TGTTCTCT,i5,,,Illumina,2000/2500,
TruSeq,Cancer_Panel,A504,TAAGACAC,i5,,,Illumina,2000/2500,
TruSeq,Cancer_Panel,A505,CTAATCGA,i5,,,Illumina,2000/2500,
TruSeq,Cancer_Panel,A506,CTAGAACA,i5,,,Illumina,2000/2500,
TruSeq,Cancer_Panel,A507,TAAGTTCC,i5,,,Illumina,2000/2500,
TruSeq,Cancer_Panel,A508,TAGACCTA,i5,,,Illumina,2000/2500,
TruSeq,Cancer_Panel,A501,AAGGTTCA,i5,,,Illumina,3000/4000,
TruSeq,Cancer_Panel,A502,ACTTAGCA,i5,,,Illumina,3000/4000,
TruSeq,Cancer_Panel,A503,AGAGAACA,i5,,,Illumina,3000/4000,
TruSeq,Cancer_Panel,A504,GTGTCTTA,i5,,,Illumina,3000/4000,
TruSeq,Cancer_Panel,A505,TCGATTAG,i5,,,Illumina,3000/4000,
TruSeq,Cancer_Panel,A506,TGTTCTAG,i5,,,Illumina,3000/4000,
TruSeq,Cancer_Panel,A507,GGAACTTA,i5,,,Illumina,3000/4000,
TruSeq,Cancer_Panel,A508,TAGGTCTA,i5,,,Illumina,3000/4000,
TruSeq,DNA_Methylation,i1,ATCACG,,CAAGCAGAAGACGGCATACGAGATATCACGGTGACTGGAGTTCAGACGTGTGCTCTTCCGATCT,,Illumina,,1
TruSeq,DNA_Methylation,i2,CGATGT,,CAAGCAGAAGACGGCATACGAGATCGATGTGTGACTGGAGTTCAGACGTGTGCTCTTCCGATCT,,Illumina,,1
TruSeq,DNA_Methylation,i3,TTAGGC,,CAAGCAGAAGACGGCATACGAGATTTAGGCGTGACTGGAGTTCAGACGTGTGCTCTTCCGATCT,,Illumina,,1
TruSeq,DNA_Methylation,i4,TGACCA,,CAAGCAGAAGACGGCATACGAGATTGACCAGTGACTGGAGTTCAGACGTGTGCTCTTCCGATCT,,Illumina,,1
TruSeq,DNA_Methylation,i5,ACAGTG,,CAAGCAGAAGACGGCATACGAGATACAGTGGTGACTGGAGTTCAGACGTGTGCTCTTCCGATCT,,Illumina,,1
TruSeq,DNA_Methylation,i6,GCCAAT,,CAAGCAGAAGACGGCATACGAGATGCCAATGTGACTGGAGTTCAGACGTGTGCTCTTCCGATCT,,Illumina,,1
TruSeq,DNA_Methylation,i7,CAGATC,,CAAGCAGAAGACGGCATACGAGATCAGATCGTGACTGGAGTTCAGACGTGTGCTCTTCCGATCT,,Illumina,,1
TruSeq,DNA_Methylation,i8,ACTTGA,,CAAGCAGAAGACGGCATACGAGATACTTGAGTGACTGGAGTTCAGACGTGTGCTCTTCCGATCT,,Illumina,,1
TruSeq,DNA_Methylation,i9,GATCAG,,CAAGCAGAAGACGGCATACGAGATGATCAGGTGACTGGAGTTCAGACGTGTGCTCTTCCGATCT,,Illumina,,1
TruSeq,DNA_Methylation,i10,TAGCTT,,CAAGCAGAAGACGGCATACGAGATTAGCTTGTGACTGGAGTTCAGACGTGTGCTCTTCCGATCT,,Illumina,,1
TruSeq,DNA_Methylation,i11,GGCTAC,,CAAGCAGAAGACGGCATACGAGATGGCTACGTGACTGGAGTTCAGACGTGTGCTCTTCCGATCT,,Illumina,,1
TruSeq,DNA_Methylation,i12,CTTGTA,,CAAGCAGAAGACGGCATACGAGATCTTGTAGTGACTGGAGTTCAGACGTGTGCTCTTCCGATCT,,Illumina,,1
TruSeq,DNA_PCR-Free_HT,D701,ATTACTCG,i7,GATCGGAAGAGCACACGTCTGAACTCCAGTCACATTACTCGATCTCGTATGCCGTCTTCTGCTTG,,Illumina,,1
TruSeq,DNA_PCR-Free_HT,D702,TCCGGAGA,i7,GATCGGAAGAGCACACGTCTGAACTCCAGTCACTCCGGAGAATCTCGTATGCCGTCTTCTGCTTG,,Illumina,,1
TruSeq,DNA_PCR-Free_HT,D703,CGCTCATT,i7,GATCGGAAGAGCACACGTCTGAACTCCAGTCACCGCTCATTATCTCGTATGCCGTCTTCTGCTTG,,Illumina,,1
TruSeq,DNA_PCR-Free_HT,D704,GAGATTCC,i7,GATCGGAAGAGCACACGTCTGAACTCCAGTCACGAGATTCCATCTCGTATGCCGTCTTCTGCTTG,,Illumina,,1
TruSeq,DNA_PCR-Free_HT,D705,ATTCAGAA,i7,GATCGGAAGAGCACACGTCTGAACTCCAGTCACATTCAGAAATCTCGTATGCCGTCTTCTGCTTG,,Illumina,,1
TruSeq,DNA_PCR-Free_HT,D706,GAATTCGT,i7,GATCGGAAGAGCACACGTCTGAACTCCAGTCACGAATTCGTATCTCGTATGCCGTCTTCTGCTTG,,Illumina,,1
TruSeq,DNA_PCR-Free_HT,D707,CTGAAGCT,i7,GATCGGAAGAGCACACGTCTGAACTCCAGTCACCTGAAGCTATCTCGTATGCCGTCTTCTGCTTG,,Illumina,,1
TruSeq,DNA_PCR-Free_HT,D708,TAATGCGC,i7,GATCGGAAGAGCACACGTCTGAACTCCAGTCACTAATGCGCATCTCGTATGCCGTCTTCTGCTTG,,Illumina,,1
TruSeq,DNA_PCR-Free_HT,D709,CGGCTATG,i7,GATCGGAAGAGCACACGTCTGAACTCCAGTCACCGGCTATGATCTCGTATGCCGTCTTCTGCTTG,,Illumina,,1
TruSeq,DNA_PCR-Free_HT,D710,TCCGCGAA,i7,GATCGGAAGAGCACACGTCTGAACTCCAGTCACTCCGCGAAATCTCGTATGCCGTCTTCTGCTTG,,Illumina,,1
TruSeq,DNA_PCR-Free_HT,D711,TCTCGCGC,i7,GATCGGAAGAGCACACGTCTGAACTCCAGTCACTCTCGCGCATCTCGTATGCCGTCTTCTGCTTG,,Illumina,,1
TruSeq,DNA_PCR-Free_HT,D712,AGCGATAG,i7,GATCGGAAGAGCACACGTCTGAACTCCAGTCACAGCGATAGATCTCGTATGCCGTCTTCTGCTTG,,Illumina,,1
TruSeq,DNA_PCR-Free_HT,D501,TATAGCCT,i5,AATGATACGGCGACCACCGAGATCTACACTATAGCCTACACTCTTTCCCTACACGACGCTCTTCCGATCT,,Illumina,2000/2500,1
TruSeq,DNA_PCR-Free_HT,D502,ATAGAGGC,i5,AATGATACGGCGACCACCGAGATCTACACATAGAGGCACACTCTTTCCCTACACGACGCTCTTCCGATCT,,Illumina,2000/2500,1
TruSeq,DNA_PCR-Free_HT,D503,CCTATCCT,i5,AATGATACGGCGACCACCGAGATCTACACCCTATCCTACACTCTTTCCCTACACGACGCTCTTCCGATCT,,Illumina,2000/2500,1
TruSeq,DNA_PCR-Free_HT,D504,GGCTCTGA,i5,AATGATACGGCGACCACCGAGATCTACACGGCTCTGAACACTCTTTCCCTACACGACGCTCTTCCGATCT,,Illumina,2000/2500,1
TruSeq,DNA_PCR-Free_HT,D505,AGGCGAAG,i5,AATGATACGGCGACCACCGAGATCTACACAGGCGAAGACACTCTTTCCCTACACGACGCTCTTCCGATCT,,Illumina,2000/2500,1
TruSeq,DNA_PCR-Free_HT,D506,TAATCTTA,i5,AATGATACGGCGACCACCGAGATCTACACTAATCTTAACACTCTTTCCCTACACGACGCTCTTCCGATCT,,Illumina,2000/2500,1
TruSeq,DNA_PCR-Free_HT,D507,CAGGACGT,i5,AATGATACGGCGACCACCGAGATCTACACCAGGACGTACACTCTTTCCCTACACGACGCTCTTCCGATCT,,Illumina,2000/2500,1
TruSeq,DNA_PCR-Free_HT,D508,GTACTGAC,i5,AATGATACGGCGACCACCGAGATCTACACGTACTGACACACTCTTTCCCTACACGACGCTCTTCCGATCT,,Illumina,2000/2500,1
TruSeq,DNA_PCR-Free_HT,D501,AGGCTATA,i5,AATGATACGGCGACCACCGAGATCTACACAGGCTATAACACTCTTTCCCTACACGACGCTCTTCCGATCT,,Illumina,3000/4000,1
TruSeq,DNA_PCR-Free_HT,D502,GCCTCTAT,i5,AATGATACGGCGACCACCGAGATCTACACGCCTCTATACACTCTTTCCCTACACGACGCTCTTCCGATCT,,Illumina,3000/4000,1
TruSeq,DNA_PCR-Free_HT,D503,AGGATAGG,i5,AATGATACGGCGACCACCGAGATCTACACAGGATAGGACACTCTTTCCCTACACGACGCTCTTCCGATCT,,Illumina,3000/4000,1
TruSeq,DNA_PCR-Free_HT,D504,TCAGAGCC,i5,AATGATACGGCGACCACCGAGATCTACACTCAGAGCCACACTCTTTCCCTACACGACGCTCTTCCGATCT,,Illumina,3000/4000,1
TruSeq,DNA_PCR-Free_HT,D505,CTTCGCCT,i5,AATGATACGGCGACCACCGAGATCTACACCTTCGCCTACACTCTTTCCCTACACGACGCTCTTCCGATCT,,Illumina,3000/4000,1
TruSeq,DNA_PCR-Free_HT,D506,TAAGATTA,i5,AATGATACGGCGACCACCGAGATCTACACTAAGATTAACACTCTTTCCCTACACGACGCTCTTCCGATCT,,Illumina,3000/4000,1
TruSeq,DNA_PCR-Free_HT,D507,ACGTCCTG,i5,AATGATACGGCGACCACCGAGATCTACACACGTCCTGACACTCTTTCCCTACACGACGCTCTTCCGATCT,,Illumina,3000/4000,1
TruSeq,DNA_PCR-Free_HT,D508,GTCAGTAC,i5,AATGATACGGCGACCACCGAGATCTACACGTCAGTACACACTCTTTCCCTACACGACGCTCTTCCGATCT,,Illumina,3000/4000,1
TruSeq,Nano_HT,D701,ATTACTCG,i7,GATCGGAAGAGCACACGTCTGAACTCCAGTCACATTACTCGATCTCGTATGCCGTCTTCTGCTTG,,Illumina,,1
TruSeq,Nano_HT,D702,TCCGGAGA,i7,GATCGGAAGAGCACACGTCTGAACTCCAGTCACTCCGGAGAATCTCGTATGCCGTCTTCTGCTTG,,Illumina,,1
TruSeq,Nano_HT,D703,CGCTCATT,i7,GATCGGAAGAGCACACGTCTGAACTCCAGTCACCGCTCATTATCTCGTATGCCGTCTTCTGCTTG,,Illumina,,1
TruSeq,Nano_HT,D704,GAGATTCC,i7,GATCGGAAGAGCACACGTCTGAACTCCAGTCACGAGATTCCATCTCGTATGCCGTCTTCTGCTTG,,Illumina,,1
TruSeq,Nano_HT,D705,ATTCAGAA,i7,GATCGGAAGAGCACACGTCTGAACTCCAGTCACATTCAGAAATCTCGTATGCCGTCTTCTGCTTG,,Illumina,,1
TruSeq,Nano_HT,D706,GAATTCGT,i7,GATCGGAAGAGCACACGTCTGAACTCCAGTCACGAATTCGTATCTCGTATGCCGTCTTCTGCTTG,,Illumina,,1
TruSeq,Nano_HT,D707,CTGAAGCT,i7,GATCGGAAGAGCACACGTCTGAACTCCAGTCACCTGAAGCTATCTCGTATGCCGTCTTCTGCTTG,,Illumina,,1
TruSeq,Nano_HT,D708,TAATGCGC,i7,GATCGGAAGAGCACACGTCTGAACTCCAGTCACTAATGCGCATCTCGTATGCCGTCTTCTGCTTG,,Illumina,,1
TruSeq,Nano_HT,D709,CGGCTATG,i7,GATCGGAAGAGCACACGTCTGAACTCCAGTCACCGGCTATGATCTCGTATGCCGTCTTCTGCTTG,,Illumina,,1
TruSeq,Nano_HT,D710,TCCGCGAA,i7,GATCGGAAGAGCACACGTCTGAACTCCAGTCACTCCGCGAAATCTCGTATGCCGTCTTCTGCTTG,,Illumina,,1
TruSeq,Nano_HT,D711,TCTCGCGC,i7,GATCGGAAGAGCACACGTCTGAACTCCAGTCACTCTCGCGCATCTCGTATGCCGTCTTCTGCTTG,,Illumina,,1
TruSeq,Nano_HT,D712,AGCGATAG,i7,GATCGGAAGAGCACACGTCTGAACTCCAGTCACAGCGATAGATCTCGTATGCCGTCTTCTGCTTG,,Illumina,,1
TruSeq,Nano_HT,D501,TATAGCCT,i5,AATGATACGGCGACCACCGAGATCTACACTATAGCCTACACTCTTTCCCTACACGACGCTCTTCCGATCT,,Illumina,2000/2500,1
TruSeq,Nano_HT,D502,ATAGAGGC,i5,AATGATACGGCGACCACCGAGATCTACACATAGAGGCACACTCTTTCCCTACACGACGCTCTTCCGATCT,,Illumina,2000/2500,1
TruSeq,Nano_HT,D503,CCTATCCT,i5,AATGATACGGCGACCACCGAGATCTACACCCTATCCTACACTCTTTCCCTACACGACGCTCTTCCGATCT,,Illumina,2000/2500,1
TruSeq,Nano_HT,D504,GGCTCTGA,i5,AATGATACGGCGACCACCGAGATCTACACGGCTCTGAACACTCTTTCCCTACACGACGCTCTTCCGATCT,,Illumina,2000/2500,1
TruSeq,Nano_HT,D505,AGGCGAAG,i5,AATGATACGGCGACCACCGAGATCTACACAGGCGAAGACACTCTTTCCCTACACGACGCTCTTCCGATCT,,Illumina,2000/2500,1
TruSeq,Nano_HT,D506,TAATCTTA,i5,AATGATACGGCGACCACCGAGATCTACACTAATCTTAACACTCTTTCCCTACACGACGCTCTTCCGATCT,,Illumina,2000/2500,1
TruSeq,Nano_HT,D507,CAGGACGT,i5,AATGATACGGCGACCACCGAGATCTACACCAGGACGTACACTCTTTCCCTACACGACGCTCTTCCGATCT,,Illumina,2000/2500,1
TruSeq,Nano_HT,D508,GTACTGAC,i5,AATGATACGGCGACCACCGAGATCTACACGTACTGACACACTCTTTCCCTACACGACGCTCTTCCGATCT,,Illumina,2000/2500,1
TruSeq,Nano_HT,D501,AGGCTATA,i5,AATGATACGGCGACCACCGAGATCTACACAGGCTATAACACTCTTTCCCTACACGACGCTCTTCCGATCT,,Illumina,3000/4000,1
TruSeq,Nano_HT,D502,GCCTCTAT,i5,AATGATACGGCGACCACCGAGATCTACACGCCTCTATACACTCTTTCCCTACACGACGCTCTTCCGATCT,,Illumina,3000/4000,1
TruSeq,Nano_HT,D503,AGGATAGG,i5,AATGATACGGCGACCACCGAGATCTACACAGGATAGGACACTCTTTCCCTACACGACGCTCTTCCGATCT,,Illumina,3000/4000,1
TruSeq,Nano_HT,D504,TCAGAGCC,i5,AATGATACGGCGACCACCGAGATCTACACTCAGAGCCACACTCTTTCCCTACACGACGCTCTTCCGATCT,,Illumina,3000/4000,1
TruSeq,Nano_HT,D505,CTTCGCCT,i5,AATGATACGGCGACCACCGAGATCTACACCTTCGCCTACACTCTTTCCCTACACGACGCTCTTCCGATCT,,Illumina,3000/4000,1
TruSeq,Nano_HT,D506,TAAGATTA,i5,AATGATACGGCGACCACCGAGATCTACACTAAGATTAACACTCTTTCCCTACACGACGCTCTTCCGATCT,,Illumina,3000/4000,1
TruSeq,Nano_HT,D507,ACGTCCTG,i5,AATGATACGGCGACCACCGAGATCTACACACGTCCTGACACTCTTTCCCTACACGACGCTCTTCCGATCT,,Illumina,3000/4000,1
TruSeq,Nano_HT,D508,GTCAGTAC,i5,AATGATACGGCGACCACCGAGATCTACACGTCAGTACACACTCTTTCCCTACACGACGCTCTTCCGATCT,,Illumina,3000/4000,1
TruSeq,Stranded_mRNA_HT,D701,ATTACTCG,i7,GATCGGAAGAGCACACGTCTGAACTCCAGTCACATTACTCGATCTCGTATGCCGTCTTCTGCTTG,,Illumina,,1
TruSeq,Stranded_mRNA_HT,D702,TCCGGAGA,i7,GATCGGAAGAGCACACGTCTGAACTCCAGTCACTCCGGAGAATCTCGTATGCCGTCTTCTGCTTG,,Illumina,,1
TruSeq,Stranded_mRNA_HT,D703,CGCTCATT,i7,GATCGGAAGAGCACACGTCTGAACTCCAGTCACCGCTCATTATCTCGTATGCCGTCTTCTGCTTG,,Illumina,,1
TruSeq,Stranded_mRNA_HT,D704,GAGATTCC,i7,GATCGGAAGAGCACACGTCTGAACTCCAGTCACGAGATTCCATCTCGTATGCCGTCTTCTGCTTG,,Illumina,,1
TruSeq,Stranded_mRNA_HT,D705,ATTCAGAA,i7,GATCGGAAGAGCACACGTCTGAACTCCAGTCACATTCAGAAATCTCGTATGCCGTCTTCTGCTTG,,Illumina,,1
TruSeq,Stranded_mRNA_HT,D706,GAATTCGT,i7,GATCGGAAGAGCACACGTCTGAACTCCAGTCACGAATTCGTATCTCGTATGCCGTCTTCTGCTTG,,Illumina,,1
TruSeq,Stranded_mRNA_HT,D707,CTGAAGCT,i7,GATCGGAAGAGCACACGTCTGAACTCCAGTCACCTGAAGCTATCTCGTATGCCGTCTTCTGCTTG,,Illumina,,1
TruSeq,Stranded_mRNA_HT,D708,TAATGCGC,i7,GATCGGAAGAGCACACGTCTGAACTCCAGTCACTAATGCGCATCTCGTATGCCGTCTTCTGCTTG,,Illumina,,1
TruSeq,Stranded_mRNA_HT,D709,CGGCTATG,i7,GATCGGAAGAGCACACGTCTGAACTCCAGTCACCGGCTATGATCTCGTATGCCGTCTTCTGCTTG,,Illumina,,1
TruSeq,Stranded_mRNA_HT,D710,TCCGCGAA,i7,GATCGGAAGAGCACACGTCTGAACTCCAGTCACTCCGCGAAATCTCGTATGCCGTCTTCTGCTTG,,Illumina,,1
TruSeq,Stranded_mRNA_HT,D711,TCTCGCGC,i7,GATCGGAAGAGCACACGTCTGAACTCCAGTCACTCTCGCGCATCTCGTATGCCGTCTTCTGCTTG,,Illumina,,1
TruSeq,Stranded_mRNA_HT,D712,AGCGATAG,i7,GATCGGAAGAGCACACGTCTGAACTCCAGTCACAGCGATAGATCTCGTATGCCGTCTTCTGCTTG,,Illumina,,1
TruSeq,Stranded_mRNA_HT,D501,TATAGCCT,i5,AATGATACGGCGACCACCGAGATCTACACTATAGCCTACACTCTTTCCCTACACGACGCTCTTCCGATCT,,Illumina,2000/2500,1
TruSeq,Stranded_mRNA_HT,D502,ATAGAGGC,i5,AATGATACGGCGACCACCGAGATCTACACATAGAGGCACACTCTTTCCCTACACGACGCTCTTCCGATCT,,Illumina,2000/2500,1
TruSeq,Stranded_mRNA_HT,D503,CCTATCCT,i5,AATGATACGGCGACCACCGAGATCTACACCCTATCCTACACTCTTTCCCTACACGACGCTCTTCCGATCT,,Illumina,2000/2500,1
TruSeq,Stranded_mRNA_HT,D504,GGCTCTGA,i5,AATGATACGGCGACCACCGAGATCTACACGGCTCTGAACACTCTTTCCCTACACGACGCTCTTCCGATCT,,Illumina,2000/2500,1
TruSeq,Stranded_mRNA_HT,D505,AGGCGAAG,i5,AATGATACGGCGACCACCGAGATCTACACAGGCGAAGACACTCTTTCCCTACACGACGCTCTTCCGATCT,,Illumina,2000/2500,1
TruSeq,Stranded_mRNA_HT,D506,TAATCTTA,i5,AATGATACGGCGACCACCGAGATCTACACTAATCTTAACACTCTTTCCCTACACGACGCTCTTCCGATCT,,Illumina,2000/2500,1
TruSeq,Stranded_mRNA_HT,D507,CAGGACGT,i5,AATGATACGGCGACCACCGAGATCTACACCAGGACGTACACTCTTTCCCTACACGACGCTCTTCCGATCT,,Illumina,2000/2500,1
TruSeq,Stranded_mRNA_HT,D508,GTACTGAC,i5,AATGATACGGCGACCACCGAGATCTACACGTACTGACACACTCTTTCCCTACACGACGCTCTTCCGATCT,,Illumina,2000/2500,1
TruSeq,Stranded_mRNA_HT,D501,AGGCTATA,i5,AATGATACGGCGACCACCGAGATCTACACAGGCTATAACACTCTTTCCCTACACGACGCTCTTCCGATCT,,Illumina,3000/4000,1
TruSeq,Stranded_mRNA_HT,D502,GCCTCTAT,i5,AATGATACGGCGACCACCGAGATCTACACGCCTCTATACACTCTTTCCCTACACGACGCTCTTCCGATCT,,Illumina,3000/4000,1
TruSeq,Stranded_mRNA_HT,D503,AGGATAGG,i5,AATGATACGGCGACCACCGAGATCTACACAGGATAGGACACTCTTTCCCTACACGACGCTCTTCCGATCT,,Illumina,3000/4000,1
TruSeq,Stranded_mRNA_HT,D504,TCAGAGCC,i5,AATGATACGGCGACCACCGAGATCTACACTCAGAGCCACACTCTTTCCCTACACGACGCTCTTCCGATCT,,Illumina,3000/4000,1
TruSeq,Stranded_mRNA_HT,D505,CTTCGCCT,i5,AATGATACGGCGACCACCGAGATCTACACCTTCGCCTACACTCTTTCCCTACACGACGCTCTTCCGATCT,,Illumina,3000/4000,1
TruSeq,Stranded_mRNA_HT,D506,TAAGATTA,i5,AATGATACGGCGACCACCGAGATCTACACTAAGATTAACACTCTTTCCCTACACGACGCTCTTCCGATCT,,Illumina,3000/4000,1
TruSeq,Stranded_mRNA_HT,D507,ACGTCCTG,i5,AATGATACGGCGACCACCGAGATCTACACACGTCCTGACACTCTTTCCCTACACGACGCTCTTCCGATCT,,Illumina,3000/4000,1
TruSeq,Stranded_mRNA_HT,D508,GTCAGTAC,i5,AATGATACGGCGACCACCGAGATCTACACGTCAGTACACACTCTTTCCCTACACGACGCTCTTCCGATCT,,Illumina,3000/4000,1
TruSeq,Total_RNA_HT,D701,ATTACTCG,i7,GATCGGAAGAGCACACGTCTGAACTCCAGTCACATTACTCGATCTCGTATGCCGTCTTCTGCTTG,,Illumina,,1
TruSeq,Total_RNA_HT,D702,TCCGGAGA,i7,GATCGGAAGAGCACACGTCTGAACTCCAGTCACTCCGGAGAATCTCGTATGCCGTCTTCTGCTTG,,Illumina,,1
TruSeq,Total_RNA_HT,D703,CGCTCATT,i7,GATCGGAAGAGCACACGTCTGAACTCCAGTCACCGCTCATTATCTCGTATGCCGTCTTCTGCTTG,,Illumina,,1
TruSeq,Total_RNA_HT,D704,GAGATTCC,i7,GATCGGAAGAGCACACGTCTGAACTCCAGTCACGAGATTCCATCTCGTATGCCGTCTTCTGCTTG,,Illumina,,1
TruSeq,Total_RNA_HT,D705,ATTCAGAA,i7,GATCGGAAGAGCACACGTCTGAACTCCAGTCACATTCAGAAATCTCGTATGCCGTCTTCTGCTTG,,Illumina,,1
TruSeq,Total_RNA_HT,D706,GAATTCGT,i7,GATCGGAAGAGCACACGTCTGAACTCCAGTCACGAATTCGTATCTCGTATGCCGTCTTCTGCTTG,,Illumina,,1
TruSeq,Total_RNA_HT,D707,CTGAAGCT,i7,GATCGGAAGAGCACACGTCTGAACTCCAGTCACCTGAAGCTATCTCGTATGCCGTCTTCTGCTTG,,Illumina,,1
TruSeq,Total_RNA_HT,D708,TAATGCGC,i7,GATCGGAAGAGCACACGTCTGAACTCCAGTCACTAATGCGCATCTCGTATGCCGTCTTCTGCTTG,,Illumina,,1
TruSeq,Total_RNA_HT,D709,CGGCTATG,i7,GATCGGAAGAGCACACGTCTGAACTCCAGTCACCGGCTATGATCTCGTATGCCGTCTTCTGCTTG,,Illumina,,1
TruSeq,Total_RNA_HT,D710,TCCGCGAA,i7,GATCGGAAGAGCACACGTCTGAACTCCAGTCACTCCGCGAAATCTCGTATGCCGTCTTCTGCTTG,,Illumina,,1
TruSeq,Total_RNA_HT,D711,TCTCGCGC,i7,GATCGGAAGAGCACACGTCTGAACTCCAGTCACTCTCGCGCATCTCGTATGCCGTCTTCTGCTTG,,Illumina,,1
TruSeq,Total_RNA_HT,D712,AGCGATAG,i7,GATCGGAAGAGCACACGTCTGAACTCCAGTCACAGCGATAGATCTCGTATGCCGTCTTCTGCTTG,,Illumina,,1
TruSeq,Total_RNA_HT,D501,TATAGCCT,i5,AATGATACGGCGACCACCGAGATCTACACTATAGCCTACACTCTTTCCCTACACGACGCTCTTCCGATCT,,Illumina,2000/2500,1
TruSeq,Total_RNA_HT,D502,ATAGAGGC,i5,AATGATACGGCGACCACCGAGATCTACACATAGAGGCACACTCTTTCCCTACACGACGCTCTTCCGATCT,,Illumina,2000/2500,1
TruSeq,Total_RNA_HT,D503,CCTATCCT,i5,AATGATACGGCGACCACCGAGATCTACACCCTATCCTACACTCTTTCCCTACACGACGCTCTTCCGATCT,,Illumina,2000/2500,1
TruSeq,Total_RNA_HT,D504,GGCTCTGA,i5,AATGATACGGCGACCACCGAGATCTACACGGCTCTGAACACTCTTTCCCTACACGACGCTCTTCCGATCT,,Illumina,2000/2500,1
TruSeq,Total_RNA_HT,D505,AGGCGAAG,i5,AATGATACGGCGACCACCGAGATCTACACAGGCGAAGACACTCTTTCCCTACACGACGCTCTTCCGATCT,,Illumina,2000/2500,1
TruSeq,Total_RNA_HT,D506,TAATCTTA,i5,AATGATACGGCGACCACCGAGATCTACACTAATCTTAACACTCTTTCCCTACACGACGCTCTTCCGATCT,,Illumina,2000/2500,1
TruSeq,Total_RNA_HT,D507,CAGGACGT,i5,AATGATACGGCGACCACCGAGATCTACACCAGGACGTACACTCTTTCCCTACACGACGCTCTTCCGATCT,,Illumina,2000/2500,1
TruSeq,Total_RNA_HT,D508,GTACTGAC,i5,AATGATACGGCGACCACCGAGATCTACACGTACTGACACACTCTTTCCCTACACGACGCTCTTCCGATCT,,Illumina,2000/2500,1
TruSeq,Total_RNA_HT,D501,AGGCTATA,i5,AATGATACGGCGACCACCGAGATCTACACAGGCTATAACACTCTTTCCCTACACGACGCTCTTCCGATCT,,Illumina,3000/4000,1
TruSeq,Total_RNA_HT,D502,GCCTCTAT,i5,AATGATACGGCGACCACCGAGATCTACACGCCTCTATACACTCTTTCCCTACACGACGCTCTTCCGATCT,,Illumina,3000/4000,1
TruSeq,Total_RNA_HT,D503,AGGATAGG,i5,AATGATACGGCGACCACCGAGATCTACACAGGATAGGACACTCTTTCCCTACACGACGCTCTTCCGATCT,,Illumina,3000/4000,1
TruSeq,Total_RNA_HT,D504,TCAGAGCC,i5,AATGATACGGCGACCACCGAGATCTACACTCAGAGCCACACTCTTTCCCTACACGACGCTCTTCCGATCT,,Illumina,3000/4000,1
TruSeq,Total_RNA_HT,D505,CTTCGCCT,i5,AATGATACGGCGACCACCGAGATCTACACCTTCGCCTACACTCTTTCCCTACACGACGCTCTTCCGATCT,,Illumina,3000/4000,1
TruSeq,Total_RNA_HT,D506,TAAGATTA,i5,AATGATACGGCGACCACCGAGATCTACACTAAGATTAACACTCTTTCCCTACACGACGCTCTTCCGATCT,,Illumina,3000/4000,1
TruSeq,Total_RNA_HT,D507,ACGTCCTG,i5,AATGATACGGCGACCACCGAGATCTACACACGTCCTGACACTCTTTCCCTACACGACGCTCTTCCGATCT,,Illumina,3000/4000,1
TruSeq,Total_RNA_HT,D508,GTCAGTAC,i5,AATGATACGGCGACCACCGAGATCTACACGTCAGTACACACTCTTTCCCTACACGACGCTCTTCCGATCT,,Illumina,3000/4000,1
TruSeq,DNA_PCR-Free_LT,universal,AATGATACGGCGACCACCGAGATCTACACTCTTTCCCTACACGACGCTCTTCCGATCT,,,,Illumina,,
TruSeq,DNA_PCR-Free_LT,i1,ATCACG,,GATCGGAAGAGCACACGTCTGAACTCCAGTCACATCACGATCTCGTATGCCGTCTTCTGCTTG,,Illumina,,1
TruSeq,DNA_PCR-Free_LT,i2,CCGATGT,,GATCGGAAGAGCACACGTCTGAACTCCAGTCACCGATGTATCTCGTATGCCGTCTTCTGCTTG,,Illumina,,1
TruSeq,DNA_PCR-Free_LT,i3,TTAGGC,,GATCGGAAGAGCACACGTCTGAACTCCAGTCACTTAGGCATCTCGTATGCCGTCTTCTGCTTG,,Illumina,,1
TruSeq,DNA_PCR-Free_LT,i4,TGACCA,,GATCGGAAGAGCACACGTCTGAACTCCAGTCACTGACCAATCTCGTATGCCGTCTTCTGCTTG,,Illumina,,1
TruSeq,DNA_PCR-Free_LT,i5,ACAGTG,,GATCGGAAGAGCACACGTCTGAACTCCAGTCACACAGTGATCTCGTATGCCGTCTTCTGCTTG,,Illumina,,1
TruSeq,DNA_PCR-Free_LT,i6,GCCAAT,,GATCGGAAGAGCACACGTCTGAACTCCAGTCACGCCAATATCTCGTATGCCGTCTTCTGCTTG,,Illumina,,1
TruSeq,DNA_PCR-Free_LT,i7,CAGATC,,GATCGGAAGAGCACACGTCTGAACTCCAGTCACCAGATCATCTCGTATGCCGTCTTCTGCTTG,,Illumina,,1
TruSeq,DNA_PCR-Free_LT,i8,ACTTGA,,GATCGGAAGAGCACACGTCTGAACTCCAGTCACACTTGAATCTCGTATGCCGTCTTCTGCTTG,,Illumina,,1
TruSeq,DNA_PCR-Free_LT,i9,GATCAG,,GATCGGAAGAGCACACGTCTGAACTCCAGTCACGATCAGATCTCGTATGCCGTCTTCTGCTTG,,Illumina,,1
TruSeq,DNA_PCR-Free_LT,i10,TAGCTT,,GATCGGAAGAGCACACGTCTGAACTCCAGTCACTAGCTTATCTCGTATGCCGTCTTCTGCTTG,,Illumina,,1
TruSeq,DNA_PCR-Free_LT,i11,GGCTAC,,GATCGGAAGAGCACACGTCTGAACTCCAGTCACGGCTACATCTCGTATGCCGTCTTCTGCTTG,,Illumina,,1
TruSeq,DNA_PCR-Free_LT,i12,CTTGTA,,GATCGGAAGAGCACACGTCTGAACTCCAGTCACCTTGTAATCTCGTATGCCGTCTTCTGCTTG,,Illumina,,1
TruSeq,DNA_PCR-Free_LT,i13,AGTCAA,,GATCGGAAGAGCACACGTCTGAACTCCAGTCACAGTCAACAATCTCGTATGCCGTCTTCTGCTTG,,Illumina,,1
TruSeq,DNA_PCR-Free_LT,i14,AGTTCC,,GATCGGAAGAGCACACGTCTGAACTCCAGTCACAGTTCCGTATCTCGTATGCCGTCTTCTGCTTG,,Illumina,,1
TruSeq,DNA_PCR-Free_LT,i15,ATGTCA,,GATCGGAAGAGCACACGTCTGAACTCCAGTCACATGTCAGAATCTCGTATGCCGTCTTCTGCTTG,,Illumina,,1
TruSeq,DNA_PCR-Free_LT,i16,CCGTCC,,GATCGGAAGAGCACACGTCTGAACTCCAGTCACCCGTCCCGATCTCGTATGCCGTCTTCTGCTTG,,Illumina,,1
TruSeq,DNA_PCR-Free_LT,i18,GTCCGC,,GATCGGAAGAGCACACGTCTGAACTCCAGTCACGTCCGCACATCTCGTATGCCGTCTTCTGCTTG,,Illumina,,1
TruSeq,DNA_PCR-Free_LT,i19,GTGAAA,,GATCGGAAGAGCACACGTCTGAACTCCAGTCACGTGAAACGATCTCGTATGCCGTCTTCTGCTTG,,Illumina,,1
TruSeq,DNA_PCR-Free_LT,i20,GTGGCC,,GATCGGAAGAGCACACGTCTGAACTCCAGTCACGTGGCCTTATCTCGTATGCCGTCTTCTGCTTG,,Illumina,,1
TruSeq,DNA_PCR-Free_LT,i21,GTTTCG,,GATCGGAAGAGCACACGTCTGAACTCCAGTCACGTTTCGGAATCTCGTATGCCGTCTTCTGCTTG,,Illumina,,1
TruSeq,DNA_PCR-Free_LT,i22,CGTACG,,GATCGGAAGAGCACACGTCTGAACTCCAGTCACCGTACGTAATCTCGTATGCCGTCTTCTGCTTG,,Illumina,,1
TruSeq,DNA_PCR-Free_LT,i23,GAGTGG,,GATCGGAAGAGCACACGTCTGAACTCCAGTCACGAGTGGATATCTCGTATGCCGTCTTCTGCTTG,,Illumina,,1
TruSeq,DNA_PCR-Free_LT,i25,ACTGAT,,GATCGGAAGAGCACACGTCTGAACTCCAGTCACACTGATATATCTCGTATGCCGTCTTCTGCTTG,,Illumina,,1
TruSeq,DNA_PCR-Free_LT,i27,ATTCCT,,GATCGGAAGAGCACACGTCTGAACTCCAGTCACATTCCTTTATCTCGTATGCCGTCTTCTGCTTG,,Illumina,,1
TruSeq,Nano_DNA__LT,i1,ATCACG,,GATCGGAAGAGCACACGTCTGAACTCCAGTCACATCACGATCTCGTATGCCGTCTTCTGCTTG,,Illumina,,1
TruSeq,Nano_DNA__LT,i2,CCGATGT,,GATCGGAAGAGCACACGTCTGAACTCCAGTCACCGATGTATCTCGTATGCCGTCTTCTGCTTG,,Illumina,,1
TruSeq,Nano_DNA__LT,i3,TTAGGC,,GATCGGAAGAGCACACGTCTGAACTCCAGTCACTTAGGCATCTCGTATGCCGTCTTCTGCTTG,,Illumina,,1
TruSeq,Nano_DNA__LT,i4,TGACCA,,GATCGGAAGAGCACACGTCTGAACTCCAGTCACTGACCAATCTCGTATGCCGTCTTCTGCTTG,,Illumina,,1
TruSeq,Nano_DNA__LT,i5,ACAGTG,,GATCGGAAGAGCACACGTCTGAACTCCAGTCACACAGTGATCTCGTATGCCGTCTTCTGCTTG,,Illumina,,1
TruSeq,Nano_DNA__LT,i6,GCCAAT,,GATCGGAAGAGCACACGTCTGAACTCCAGTCACGCCAATATCTCGTATGCCGTCTTCTGCTTG,,Illumina,,1
TruSeq,Nano_DNA__LT,i7,CAGATC,,GATCGGAAGAGCACACGTCTGAACTCCAGTCACCAGATCATCTCGTATGCCGTCTTCTGCTTG,,Illumina,,1
TruSeq,Nano_DNA__LT,i8,ACTTGA,,GATCGGAAGAGCACACGTCTGAACTCCAGTCACACTTGAATCTCGTATGCCGTCTTCTGCTTG,,Illumina,,1
TruSeq,Nano_DNA__LT,i9,GATCAG,,GATCGGAAGAGCACACGTCTGAACTCCAGTCACGATCAGATCTCGTATGCCGTCTTCTGCTTG,,Illumina,,1
TruSeq,Nano_DNA__LT,i10,TAGCTT,,GATCGGAAGAGCACACGTCTGAACTCCAGTCACTAGCTTATCTCGTATGCCGTCTTCTGCTTG,,Illumina,,1
TruSeq,Nano_DNA__LT,i11,GGCTAC,,GATCGGAAGAGCACACGTCTGAACTCCAGTCACGGCTACATCTCGTATGCCGTCTTCTGCTTG,,Illumina,,1
TruSeq,Nano_DNA__LT,i12,CTTGTA,,GATCGGAAGAGCACACGTCTGAACTCCAGTCACCTTGTAATCTCGTATGCCGTCTTCTGCTTG,,Illumina,,1
TruSeq,Nano_DNA__LT,i13,AGTCAA,,GATCGGAAGAGCACACGTCTGAACTCCAGTCACAGTCAACAATCTCGTATGCCGTCTTCTGCTTG,,Illumina,,1
TruSeq,Nano_DNA__LT,i14,AGTTCC,,GATCGGAAGAGCACACGTCTGAACTCCAGTCACAGTTCCGTATCTCGTATGCCGTCTTCTGCTTG,,Illumina,,1
TruSeq,Nano_DNA__LT,i15,ATGTCA,,GATCGGAAGAGCACACGTCTGAACTCCAGTCACATGTCAGAATCTCGTATGCCGTCTTCTGCTTG,,Illumina,,1
TruSeq,Nano_DNA__LT,i16,CCGTCC,,GATCGGAAGAGCACACGTCTGAACTCCAGTCACCCGTCCCGATCTCGTATGCCGTCTTCTGCTTG,,Illumina,,1
TruSeq,Nano_DNA__LT,i18,GTCCGC,,GATCGGAAGAGCACACGTCTGAACTCCAGTCACGTCCGCACATCTCGTATGCCGTCTTCTGCTTG,,Illumina,,1
TruSeq,Nano_DNA__LT,i19,GTGAAA,,GATCGGAAGAGCACACGTCTGAACTCCAGTCACGTGAAACGATCTCGTATGCCGTCTTCTGCTTG,,Illumina,,1
TruSeq,Nano_DNA__LT,i20,GTGGCC,,GATCGGAAGAGCACACGTCTGAACTCCAGTCACGTGGCCTTATCTCGTATGCCGTCTTCTGCTTG,,Illumina,,1
TruSeq,Nano_DNA__LT,i21,GTTTCG,,GATCGGAAGAGCACACGTCTGAACTCCAGTCACGTTTCGGAATCTCGTATGCCGTCTTCTGCTTG,,Illumina,,1
TruSeq,Nano_DNA__LT,i22,CGTACG,,GATCGGAAGAGCACACGTCTGAACTCCAGTCACCGTACGTAATCTCGTATGCCGTCTTCTGCTTG,,Illumina,,1
TruSeq,Nano_DNA__LT,i23,GAGTGG,,GATCGGAAGAGCACACGTCTGAACTCCAGTCACGAGTGGATATCTCGTATGCCGTCTTCTGCTTG,,Illumina,,1
TruSeq,Nano_DNA__LT,i25,ACTGAT,,GATCGGAAGAGCACACGTCTGAACTCCAGTCACACTGATATATCTCGTATGCCGTCTTCTGCTTG,,Illumina,,1
TruSeq,Nano_DNA__LT,i27,ATTCCT,,GATCGGAAGAGCACACGTCTGAACTCCAGTCACATTCCTTTATCTCGTATGCCGTCTTCTGCTTG,,Illumina,,1
TruSeq,DNA_LT,i1,ATCACG,,GATCGGAAGAGCACACGTCTGAACTCCAGTCACATCACGATCTCGTATGCCGTCTTCTGCTTG,,Illumina,,1
TruSeq,DNA_LT,i2,CCGATGT,,GATCGGAAGAGCACACGTCTGAACTCCAGTCACCGATGTATCTCGTATGCCGTCTTCTGCTTG,,Illumina,,1
TruSeq,DNA_LT,i3,TTAGGC,,GATCGGAAGAGCACACGTCTGAACTCCAGTCACTTAGGCATCTCGTATGCCGTCTTCTGCTTG,,Illumina,,1
TruSeq,DNA_LT,i4,TGACCA,,GATCGGAAGAGCACACGTCTGAACTCCAGTCACTGACCAATCTCGTATGCCGTCTTCTGCTTG,,Illumina,,1
TruSeq,DNA_LT,i5,ACAGTG,,GATCGGAAGAGCACACGTCTGAACTCCAGTCACACAGTGATCTCGTATGCCGTCTTCTGCTTG,,Illumina,,1
TruSeq,DNA_LT,i6,GCCAAT,,GATCGGAAGAGCACACGTCTGAACTCCAGTCACGCCAATATCTCGTATGCCGTCTTCTGCTTG,,Illumina,,1
TruSeq,DNA_LT,i7,CAGATC,,GATCGGAAGAGCACACGTCTGAACTCCAGTCACCAGATCATCTCGTATGCCGTCTTCTGCTTG,,Illumina,,1
TruSeq,DNA_LT,i8,ACTTGA,,GATCGGAAGAGCACACGTCTGAACTCCAGTCACACTTGAATCTCGTATGCCGTCTTCTGCTTG,,Illumina,,1
TruSeq,DNA_LT,i9,GATCAG,,GATCGGAAGAGCACACGTCTGAACTCCAGTCACGATCAGATCTCGTATGCCGTCTTCTGCTTG,,Illumina,,1
TruSeq,DNA_LT,i10,TAGCTT,,GATCGGAAGAGCACACGTCTGAACTCCAGTCACTAGCTTATCTCGTATGCCGTCTTCTGCTTG,,Illumina,,1
TruSeq,DNA_LT,i11,GGCTAC,,GATCGGAAGAGCACACGTCTGAACTCCAGTCACGGCTACATCTCGTATGCCGTCTTCTGCTTG,,Illumina,,1
TruSeq,DNA_LT,i12,CTTGTA,,GATCGGAAGAGCACACGTCTGAACTCCAGTCACCTTGTAATCTCGTATGCCGTCTTCTGCTTG,,Illumina,,1
TruSeq,DNA_LT,i13,AGTCAA,,GATCGGAAGAGCACACGTCTGAACTCCAGTCACAGTCAACAATCTCGTATGCCGTCTTCTGCTTG,,Illumina,,1
TruSeq,DNA_LT,i14,AGTTCC,,GATCGGAAGAGCACACGTCTGAACTCCAGTCACAGTTCCGTATCTCGTATGCCGTCTTCTGCTTG,,Illumina,,1
TruSeq,DNA_LT,i15,ATGTCA,,GATCGGAAGAGCACACGTCTGAACTCCAGTCACATGTCAGAATCTCGTATGCCGTCTTCTGCTTG,,Illumina,,1
TruSeq,DNA_LT,i16,CCGTCC,,GATCGGAAGAGCACACGTCTGAACTCCAGTCACCCGTCCCGATCTCGTATGCCGTCTTCTGCTTG,,Illumina,,1
TruSeq,DNA_LT,i18,GTCCGC,,GATCGGAAGAGCACACGTCTGAACTCCAGTCACGTCCGCACATCTCGTATGCCGTCTTCTGCTTG,,Illumina,,1
TruSeq,DNA_LT,i19,GTGAAA,,GATCGGAAGAGCACACGTCTGAACTCCAGTCACGTGAAACGATCTCGTATGCCGTCTTCTGCTTG,,Illumina,,1
TruSeq,DNA_LT,i20,GTGGCC,,GATCGGAAGAGCACACGTCTGAACTCCAGTCACGTGGCCTTATCTCGTATGCCGTCTTCTGCTTG,,Illumina,,1
TruSeq,DNA_LT,i21,GTTTCG,,GATCGGAAGAGCACACGTCTGAACTCCAGTCACGTTTCGGAATCTCGTATGCCGTCTTCTGCTTG,,Illumina,,1
TruSeq,DNA_LT,i22,CGTACG,,GATCGGAAGAGCACACGTCTGAACTCCAGTCACCGTACGTAATCTCGTATGCCGTCTTCTGCTTG,,Illumina,,1
TruSeq,DNA_LT,i23,GAGTGG,,GATCGGAAGAGCACACGTCTGAACTCCAGTCACGAGTGGATATCTCGTATGCCGTCTTCTGCTTG,,Illumina,,1
TruSeq,DNA_LT,i25,ACTGAT,,GATCGGAAGAGCACACGTCTGAACTCCAGTCACACTGATATATCTCGTATGCCGTCTTCTGCTTG,,Illumina,,1
TruSeq,DNA_LT,i27,ATTCCT,,GATCGGAAGAGCACACGTCTGAACTCCAGTCACATTCCTTTATCTCGTATGCCGTCTTCTGCTTG,,Illumina,,1
TruSeq,DNA_LT,i1,ATCACG,,GATCGGAAGAGCACACGTCTGAACTCCAGTCACATCACGATCTCGTATGCCGTCTTCTGCTTG,V2,Illumina,,1
TruSeq,DNA_LT,i2,CCGATGT,,GATCGGAAGAGCACACGTCTGAACTCCAGTCACCGATGTATCTCGTATGCCGTCTTCTGCTTG,V2,Illumina,,1
TruSeq,DNA_LT,i3,TTAGGC,,GATCGGAAGAGCACACGTCTGAACTCCAGTCACTTAGGCATCTCGTATGCCGTCTTCTGCTTG,V2,Illumina,,1
TruSeq,DNA_LT,i4,TGACCA,,GATCGGAAGAGCACACGTCTGAACTCCAGTCACTGACCAATCTCGTATGCCGTCTTCTGCTTG,V2,Illumina,,1
TruSeq,DNA_LT,i5,ACAGTG,,GATCGGAAGAGCACACGTCTGAACTCCAGTCACACAGTGATCTCGTATGCCGTCTTCTGCTTG,V2,Illumina,,1
TruSeq,DNA_LT,i6,GCCAAT,,GATCGGAAGAGCACACGTCTGAACTCCAGTCACGCCAATATCTCGTATGCCGTCTTCTGCTTG,V2,Illumina,,1
TruSeq,DNA_LT,i7,CAGATC,,GATCGGAAGAGCACACGTCTGAACTCCAGTCACCAGATCATCTCGTATGCCGTCTTCTGCTTG,V2,Illumina,,1
TruSeq,DNA_LT,i8,ACTTGA,,GATCGGAAGAGCACACGTCTGAACTCCAGTCACACTTGAATCTCGTATGCCGTCTTCTGCTTG,V2,Illumina,,1
TruSeq,DNA_LT,i9,GATCAG,,GATCGGAAGAGCACACGTCTGAACTCCAGTCACGATCAGATCTCGTATGCCGTCTTCTGCTTG,V2,Illumina,,1
TruSeq,DNA_LT,i10,TAGCTT,,GATCGGAAGAGCACACGTCTGAACTCCAGTCACTAGCTTATCTCGTATGCCGTCTTCTGCTTG,V2,Illumina,,1
TruSeq,DNA_LT,i11,GGCTAC,,GATCGGAAGAGCACACGTCTGAACTCCAGTCACGGCTACATCTCGTATGCCGTCTTCTGCTTG,V2,Illumina,,1
TruSeq,DNA_LT,i12,CTTGTA,,GATCGGAAGAGCACACGTCTGAACTCCAGTCACCTTGTAATCTCGTATGCCGTCTTCTGCTTG,V2,Illumina,,1
TruSeq,DNA_LT,i13,AGTCAA,,GATCGGAAGAGCACACGTCTGAACTCCAGTCACAGTCAACAATCTCGTATGCCGTCTTCTGCTTG,V2,Illumina,,1
TruSeq,DNA_LT,i14,AGTTCC,,GATCGGAAGAGCACACGTCTGAACTCCAGTCACAGTTCCGTATCTCGTATGCCGTCTTCTGCTTG,V2,Illumina,,1
TruSeq,DNA_LT,i15,ATGTCA,,GATCGGAAGAGCACACGTCTGAACTCCAGTCACATGTCAGAATCTCGTATGCCGTCTTCTGCTTG,V2,Illumina,,1
TruSeq,DNA_LT,i16,CCGTCC,,GATCGGAAGAGCACACGTCTGAACTCCAGTCACCCGTCCCGATCTCGTATGCCGTCTTCTGCTTG,V2,Illumina,,1
TruSeq,DNA_LT,i18,GTCCGC,,GATCGGAAGAGCACACGTCTGAACTCCAGTCACGTCCGCACATCTCGTATGCCGTCTTCTGCTTG,V2,Illumina,,1
TruSeq,DNA_LT,i19,GTGAAA,,GATCGGAAGAGCACACGTCTGAACTCCAGTCACGTGAAACGATCTCGTATGCCGTCTTCTGCTTG,V2,Illumina,,1
TruSeq,DNA_LT,i20,GTGGCC,,GATCGGAAGAGCACACGTCTGAACTCCAGTCACGTGGCCTTATCTCGTATGCCGTCTTCTGCTTG,V2,Illumina,,1
TruSeq,DNA_LT,i21,GTTTCG,,GATCGGAAGAGCACACGTCTGAACTCCAGTCACGTTTCGGAATCTCGTATGCCGTCTTCTGCTTG,V2,Illumina,,1
TruSeq,DNA_LT,i22,CGTACG,,GATCGGAAGAGCACACGTCTGAACTCCAGTCACCGTACGTAATCTCGTATGCCGTCTTCTGCTTG,V2,Illumina,,1
TruSeq,DNA_LT,i23,GAGTGG,,GATCGGAAGAGCACACGTCTGAACTCCAGTCACGAGTGGATATCTCGTATGCCGTCTTCTGCTTG,V2,Illumina,,1
TruSeq,DNA_LT,i25,ACTGAT,,GATCGGAAGAGCACACGTCTGAACTCCAGTCACACTGATATATCTCGTATGCCGTCTTCTGCTTG,V2,Illumina,,1
TruSeq,DNA_LT,i27,ATTCCT,,GATCGGAAGAGCACACGTCTGAACTCCAGTCACATTCCTTTATCTCGTATGCCGTCTTCTGCTTG,V2,Illumina,,1
TruSeq,RNA_LT,i1,ATCACG,,GATCGGAAGAGCACACGTCTGAACTCCAGTCACATCACGATCTCGTATGCCGTCTTCTGCTTG,,Illumina,,1
TruSeq,RNA_LT,i2,CCGATGT,,GATCGGAAGAGCACACGTCTGAACTCCAGTCACCGATGTATCTCGTATGCCGTCTTCTGCTTG,,Illumina,,1
TruSeq,RNA_LT,i3,TTAGGC,,GATCGGAAGAGCACACGTCTGAACTCCAGTCACTTAGGCATCTCGTATGCCGTCTTCTGCTTG,,Illumina,,1
TruSeq,RNA_LT,i4,TGACCA,,GATCGGAAGAGCACACGTCTGAACTCCAGTCACTGACCAATCTCGTATGCCGTCTTCTGCTTG,,Illumina,,1
TruSeq,RNA_LT,i5,ACAGTG,,GATCGGAAGAGCACACGTCTGAACTCCAGTCACACAGTGATCTCGTATGCCGTCTTCTGCTTG,,Illumina,,1
TruSeq,RNA_LT,i6,GCCAAT,,GATCGGAAGAGCACACGTCTGAACTCCAGTCACGCCAATATCTCGTATGCCGTCTTCTGCTTG,,Illumina,,1
TruSeq,RNA_LT,i7,CAGATC,,GATCGGAAGAGCACACGTCTGAACTCCAGTCACCAGATCATCTCGTATGCCGTCTTCTGCTTG,,Illumina,,1
TruSeq,RNA_LT,i8,ACTTGA,,GATCGGAAGAGCACACGTCTGAACTCCAGTCACACTTGAATCTCGTATGCCGTCTTCTGCTTG,,Illumina,,1
TruSeq,RNA_LT,i9,GATCAG,,GATCGGAAGAGCACACGTCTGAACTCCAGTCACGATCAGATCTCGTATGCCGTCTTCTGCTTG,,Illumina,,1
TruSeq,RNA_LT,i10,TAGCTT,,GATCGGAAGAGCACACGTCTGAACTCCAGTCACTAGCTTATCTCGTATGCCGTCTTCTGCTTG,,Illumina,,1
TruSeq,RNA_LT,i11,GGCTAC,,GATCGGAAGAGCACACGTCTGAACTCCAGTCACGGCTACATCTCGTATGCCGTCTTCTGCTTG,,Illumina,,1
TruSeq,RNA_LT,i12,CTTGTA,,GATCGGAAGAGCACACGTCTGAACTCCAGTCACCTTGTAATCTCGTATGCCGTCTTCTGCTTG,,Illumina,,1
TruSeq,RNA_LT,i13,AGTCAA,,GATCGGAAGAGCACACGTCTGAACTCCAGTCACAGTCAACAATCTCGTATGCCGTCTTCTGCTTG,,Illumina,,1
TruSeq,RNA_LT,i14,AGTTCC,,GATCGGAAGAGCACACGTCTGAACTCCAGTCACAGTTCCGTATCTCGTATGCCGTCTTCTGCTTG,,Illumina,,1
TruSeq,RNA_LT,i15,ATGTCA,,GATCGGAAGAGCACACGTCTGAACTCCAGTCACATGTCAGAATCTCGTATGCCGTCTTCTGCTTG,,Illumina,,1
TruSeq,RNA_LT,i16,CCGTCC,,GATCGGAAGAGCACACGTCTGAACTCCAGTCACCCGTCCCGATCTCGTATGCCGTCTTCTGCTTG,,Illumina,,1
TruSeq,RNA_LT,i18,GTCCGC,,GATCGGAAGAGCACACGTCTGAACTCCAGTCACGTCCGCACATCTCGTATGCCGTCTTCTGCTTG,,Illumina,,1
TruSeq,RNA_LT,i19,GTGAAA,,GATCGGAAGAGCACACGTCTGAACTCCAGTCACGTGAAACGATCTCGTATGCCGTCTTCTGCTTG,,Illumina,,1
TruSeq,RNA_LT,i20,GTGGCC,,GATCGGAAGAGCACACGTCTGAACTCCAGTCACGTGGCCTTATCTCGTATGCCGTCTTCTGCTTG,,Illumina,,1
TruSeq,RNA_LT,i21,GTTTCG,,GATCGGAAGAGCACACGTCTGAACTCCAGTCACGTTTCGGAATCTCGTATGCCGTCTTCTGCTTG,,Illumina,,1
TruSeq,RNA_LT,i22,CGTACG,,GATCGGAAGAGCACACGTCTGAACTCCAGTCACCGTACGTAATCTCGTATGCCGTCTTCTGCTTG,,Illumina,,1
TruSeq,RNA_LT,i23,GAGTGG,,GATCGGAAGAGCACACGTCTGAACTCCAGTCACGAGTGGATATCTCGTATGCCGTCTTCTGCTTG,,Illumina,,1
TruSeq,RNA_LT,i25,ACTGAT,,GATCGGAAGAGCACACGTCTGAACTCCAGTCACACTGATATATCTCGTATGCCGTCTTCTGCTTG,,Illumina,,1
TruSeq,RNA_LT,i27,ATTCCT,,GATCGGAAGAGCACACGTCTGAACTCCAGTCACATTCCTTTATCTCGTATGCCGTCTTCTGCTTG,,Illumina,,1
TruSeq,RNA_LT,i1,ATCACG,,GATCGGAAGAGCACACGTCTGAACTCCAGTCACATCACGATCTCGTATGCCGTCTTCTGCTTG,V2,Illumina,,1
TruSeq,RNA_LT,i2,CCGATGT,,GATCGGAAGAGCACACGTCTGAACTCCAGTCACCGATGTATCTCGTATGCCGTCTTCTGCTTG,V2,Illumina,,1
TruSeq,RNA_LT,i3,TTAGGC,,GATCGGAAGAGCACACGTCTGAACTCCAGTCACTTAGGCATCTCGTATGCCGTCTTCTGCTTG,V2,Illumina,,1
TruSeq,RNA_LT,i4,TGACCA,,GATCGGAAGAGCACACGTCTGAACTCCAGTCACTGACCAATCTCGTATGCCGTCTTCTGCTTG,V2,Illumina,,1
TruSeq,RNA_LT,i5,ACAGTG,,GATCGGAAGAGCACACGTCTGAACTCCAGTCACACAGTGATCTCGTATGCCGTCTTCTGCTTG,V2,Illumina,,1
TruSeq,RNA_LT,i6,GCCAAT,,GATCGGAAGAGCACACGTCTGAACTCCAGTCACGCCAATATCTCGTATGCCGTCTTCTGCTTG,V2,Illumina,,1
TruSeq,RNA_LT,i7,CAGATC,,GATCGGAAGAGCACACGTCTGAACTCCAGTCACCAGATCATCTCGTATGCCGTCTTCTGCTTG,V2,Illumina,,1
TruSeq,RNA_LT,i8,ACTTGA,,GATCGGAAGAGCACACGTCTGAACTCCAGTCACACTTGAATCTCGTATGCCGTCTTCTGCTTG,V2,Illumina,,1
TruSeq,RNA_LT,i9,GATCAG,,GATCGGAAGAGCACACGTCTGAACTCCAGTCACGATCAGATCTCGTATGCCGTCTTCTGCTTG,V2,Illumina,,1
TruSeq,RNA_LT,i10,TAGCTT,,GATCGGAAGAGCACACGTCTGAACTCCAGTCACTAGCTTATCTCGTATGCCGTCTTCTGCTTG,V2,Illumina,,1
TruSeq,RNA_LT,i11,GGCTAC,,GATCGGAAGAGCACACGTCTGAACTCCAGTCACGGCTACATCTCGTATGCCGTCTTCTGCTTG,V2,Illumina,,1
TruSeq,RNA_LT,i12,CTTGTA,,GATCGGAAGAGCACACGTCTGAACTCCAGTCACCTTGTAATCTCGTATGCCGTCTTCTGCTTG,V2,Illumina,,1
TruSeq,RNA_LT,i13,AGTCAA,,GATCGGAAGAGCACACGTCTGAACTCCAGTCACAGTCAACAATCTCGTATGCCGTCTTCTGCTTG,V2,Illumina,,1
TruSeq,RNA_LT,i14,AGTTCC,,GATCGGAAGAGCACACGTCTGAACTCCAGTCACAGTTCCGTATCTCGTATGCCGTCTTCTGCTTG,V2,Illumina,,1
TruSeq,RNA_LT,i15,ATGTCA,,GATCGGAAGAGCACACGTCTGAACTCCAGTCACATGTCAGAATCTCGTATGCCGTCTTCTGCTTG,V2,Illumina,,1
TruSeq,RNA_LT,i16,CCGTCC,,GATCGGAAGAGCACACGTCTGAACTCCAGTCACCCGTCCCGATCTCGTATGCCGTCTTCTGCTTG,V2,Illumina,,1
TruSeq,RNA_LT,i18,GTCCGC,,GATCGGAAGAGCACACGTCTGAACTCCAGTCACGTCCGCACATCTCGTATGCCGTCTTCTGCTTG,V2,Illumina,,1
TruSeq,RNA_LT,i19,GTGAAA,,GATCGGAAGAGCACACGTCTGAACTCCAGTCACGTGAAACGATCTCGTATGCCGTCTTCTGCTTG,V2,Illumina,,1
TruSeq,RNA_LT,i20,GTGGCC,,GATCGGAAGAGCACACGTCTGAACTCCAGTCACGTGGCCTTATCTCGTATGCCGTCTTCTGCTTG,V2,Illumina,,1
TruSeq,RNA_LT,i21,GTTTCG,,GATCGGAAGAGCACACGTCTGAACTCCAGTCACGTTTCGGAATCTCGTATGCCGTCTTCTGCTTG,V2,Illumina,,1
TruSeq,RNA_LT,i22,CGTACG,,GATCGGAAGAGCACACGTCTGAACTCCAGTCACCGTACGTAATCTCGTATGCCGTCTTCTGCTTG,V2,Illumina,,1
TruSeq,RNA_LT,i23,GAGTGG,,GATCGGAAGAGCACACGTCTGAACTCCAGTCACGAGTGGATATCTCGTATGCCGTCTTCTGCTTG,V2,Illumina,,1
TruSeq,RNA_LT,i25,ACTGAT,,GATCGGAAGAGCACACGTCTGAACTCCAGTCACACTGATATATCTCGTATGCCGTCTTCTGCTTG,V2,Illumina,,1
TruSeq,RNA_LT,i27,ATTCCT,,GATCGGAAGAGCACACGTCTGAACTCCAGTCACATTCCTTTATCTCGTATGCCGTCTTCTGCTTG,V2,Illumina,,1
TruSeq,Stranded_mRNA_LT,i1,ATCACG,,GATCGGAAGAGCACACGTCTGAACTCCAGTCACATCACGATCTCGTATGCCGTCTTCTGCTTG,,Illumina,,1
TruSeq,Stranded_mRNA_LT,i2,CCGATGT,,GATCGGAAGAGCACACGTCTGAACTCCAGTCACCGATGTATCTCGTATGCCGTCTTCTGCTTG,,Illumina,,1
TruSeq,Stranded_mRNA_LT,i3,TTAGGC,,GATCGGAAGAGCACACGTCTGAACTCCAGTCACTTAGGCATCTCGTATGCCGTCTTCTGCTTG,,Illumina,,1
TruSeq,Stranded_mRNA_LT,i4,TGACCA,,GATCGGAAGAGCACACGTCTGAACTCCAGTCACTGACCAATCTCGTATGCCGTCTTCTGCTTG,,Illumina,,1
TruSeq,Stranded_mRNA_LT,i5,ACAGTG,,GATCGGAAGAGCACACGTCTGAACTCCAGTCACACAGTGATCTCGTATGCCGTCTTCTGCTTG,,Illumina,,1
TruSeq,Stranded_mRNA_LT,i6,GCCAAT,,GATCGGAAGAGCACACGTCTGAACTCCAGTCACGCCAATATCTCGTATGCCGTCTTCTGCTTG,,Illumina,,1
TruSeq,Stranded_mRNA_LT,i7,CAGATC,,GATCGGAAGAGCACACGTCTGAACTCCAGTCACCAGATCATCTCGTATGCCGTCTTCTGCTTG,,Illumina,,1
TruSeq,Stranded_mRNA_LT,i8,ACTTGA,,GATCGGAAGAGCACACGTCTGAACTCCAGTCACACTTGAATCTCGTATGCCGTCTTCTGCTTG,,Illumina,,1
TruSeq,Stranded_mRNA_LT,i9,GATCAG,,GATCGGAAGAGCACACGTCTGAACTCCAGTCACGATCAGATCTCGTATGCCGTCTTCTGCTTG,,Illumina,,1
TruSeq,Stranded_mRNA_LT,i10,TAGCTT,,GATCGGAAGAGCACACGTCTGAACTCCAGTCACTAGCTTATCTCGTATGCCGTCTTCTGCTTG,,Illumina,,1
TruSeq,Stranded_mRNA_LT,i11,GGCTAC,,GATCGGAAGAGCACACGTCTGAACTCCAGTCACGGCTACATCTCGTATGCCGTCTTCTGCTTG,,Illumina,,1
TruSeq,Stranded_mRNA_LT,i12,CTTGTA,,GATCGGAAGAGCACACGTCTGAACTCCAGTCACCTTGTAATCTCGTATGCCGTCTTCTGCTTG,,Illumina,,1
TruSeq,Stranded_mRNA_LT,i13,AGTCAA,,GATCGGAAGAGCACACGTCTGAACTCCAGTCACAGTCAACAATCTCGTATGCCGTCTTCTGCTTG,,Illumina,,1
TruSeq,Stranded_mRNA_LT,i14,AGTTCC,,GATCGGAAGAGCACACGTCTGAACTCCAGTCACAGTTCCGTATCTCGTATGCCGTCTTCTGCTTG,,Illumina,,1
TruSeq,Stranded_mRNA_LT,i15,ATGTCA,,GATCGGAAGAGCACACGTCTGAACTCCAGTCACATGTCAGAATCTCGTATGCCGTCTTCTGCTTG,,Illumina,,1
TruSeq,Stranded_mRNA_LT,i16,CCGTCC,,GATCGGAAGAGCACACGTCTGAACTCCAGTCACCCGTCCCGATCTCGTATGCCGTCTTCTGCTTG,,Illumina,,1
TruSeq,Stranded_mRNA_LT,i18,GTCCGC,,GATCGGAAGAGCACACGTCTGAACTCCAGTCACGTCCGCACATCTCGTATGCCGTCTTCTGCTTG,,Illumina,,1
TruSeq,Stranded_mRNA_LT,i19,GTGAAA,,GATCGGAAGAGCACACGTCTGAACTCCAGTCACGTGAAACGATCTCGTATGCCGTCTTCTGCTTG,,Illumina,,1
TruSeq,Stranded_mRNA_LT,i20,GTGGCC,,GATCGGAAGAGCACACGTCTGAACTCCAGTCACGTGGCCTTATCTCGTATGCCGTCTTCTGCTTG,,Illumina,,1
TruSeq,Stranded_mRNA_LT,i21,GTTTCG,,GATCGGAAGAGCACACGTCTGAACTCCAGTCACGTTTCGGAATCTCGTATGCCGTCTTCTGCTTG,,Illumina,,1
TruSeq,Stranded_mRNA_LT,i22,CGTACG,,GATCGGAAGAGCACACGTCTGAACTCCAGTCACCGTACGTAATCTCGTATGCCGTCTTCTGCTTG,,Illumina,,1
TruSeq,Stranded_mRNA_LT,i23,GAGTGG,,GATCGGAAGAGCACACGTCTGAACTCCAGTCACGAGTGGATATCTCGTATGCCGTCTTCTGCTTG,,Illumina,,1
TruSeq,Stranded_mRNA_LT,i25,ACTGAT,,GATCGGAAGAGCACACGTCTGAACTCCAGTCACACTGATATATCTCGTATGCCGTCTTCTGCTTG,,Illumina,,1
TruSeq,Stranded_mRNA_LT,i27,ATTCCT,,GATCGGAAGAGCACACGTCTGAACTCCAGTCACATTCCTTTATCTCGTATGCCGTCTTCTGCTTG,,Illumina,,1
TruSeq,Stranded_Total_RNA_LT,i1,ATCACG,,GATCGGAAGAGCACACGTCTGAACTCCAGTCACATCACGATCTCGTATGCCGTCTTCTGCTTG,,Illumina,,1
TruSeq,Stranded_Total_RNA_LT,i2,CCGATGT,,GATCGGAAGAGCACACGTCTGAACTCCAGTCACCGATGTATCTCGTATGCCGTCTTCTGCTTG,,Illumina,,1
TruSeq,Stranded_Total_RNA_LT,i3,TTAGGC,,GATCGGAAGAGCACACGTCTGAACTCCAGTCACTTAGGCATCTCGTATGCCGTCTTCTGCTTG,,Illumina,,1
TruSeq,Stranded_Total_RNA_LT,i4,TGACCA,,GATCGGAAGAGCACACGTCTGAACTCCAGTCACTGACCAATCTCGTATGCCGTCTTCTGCTTG,,Illumina,,1
TruSeq,Stranded_Total_RNA_LT,i5,ACAGTG,,GATCGGAAGAGCACACGTCTGAACTCCAGTCACACAGTGATCTCGTATGCCGTCTTCTGCTTG,,Illumina,,1
TruSeq,Stranded_Total_RNA_LT,i6,GCCAAT,,GATCGGAAGAGCACACGTCTGAACTCCAGTCACGCCAATATCTCGTATGCCGTCTTCTGCTTG,,Illumina,,1
TruSeq,Stranded_Total_RNA_LT,i7,CAGATC,,GATCGGAAGAGCACACGTCTGAACTCCAGTCACCAGATCATCTCGTATGCCGTCTTCTGCTTG,,Illumina,,1
TruSeq,Stranded_Total_RNA_LT,i8,ACTTGA,,GATCGGAAGAGCACACGTCTGAACTCCAGTCACACTTGAATCTCGTATGCCGTCTTCTGCTTG,,Illumina,,1
TruSeq,Stranded_Total_RNA_LT,i9,GATCAG,,GATCGGAAGAGCACACGTCTGAACTCCAGTCACGATCAGATCTCGTATGCCGTCTTCTGCTTG,,Illumina,,1
TruSeq,Stranded_Total_RNA_LT,i10,TAGCTT,,GATCGGAAGAGCACACGTCTGAACTCCAGTCACTAGCTTATCTCGTATGCCGTCTTCTGCTTG,,Illumina,,1
TruSeq,Stranded_Total_RNA_LT,i11,GGCTAC,,GATCGGAAGAGCACACGTCTGAACTCCAGTCACGGCTACATCTCGTATGCCGTCTTCTGCTTG,,Illumina,,1
TruSeq,Stranded_Total_RNA_LT,i12,CTTGTA,,GATCGGAAGAGCACACGTCTGAACTCCAGTCACCTTGTAATCTCGTATGCCGTCTTCTGCTTG,,Illumina,,1
TruSeq,Stranded_Total_RNA_LT,i13,AGTCAA,,GATCGGAAGAGCACACGTCTGAACTCCAGTCACAGTCAACAATCTCGTATGCCGTCTTCTGCTTG,,Illumina,,1
TruSeq,Stranded_Total_RNA_LT,i14,AGTTCC,,GATCGGAAGAGCACACGTCTGAACTCCAGTCACAGTTCCGTATCTCGTATGCCGTCTTCTGCTTG,,Illumina,,1
TruSeq,Stranded_Total_RNA_LT,i15,ATGTCA,,GATCGGAAGAGCACACGTCTGAACTCCAGTCACATGTCAGAATCTCGTATGCCGTCTTCTGCTTG,,Illumina,,1
TruSeq,Stranded_Total_RNA_LT,i16,CCGTCC,,GATCGGAAGAGCACACGTCTGAACTCCAGTCACCCGTCCCGATCTCGTATGCCGTCTTCTGCTTG,,Illumina,,1
TruSeq,Stranded_Total_RNA_LT,i18,GTCCGC,,GATCGGAAGAGCACACGTCTGAACTCCAGTCACGTCCGCACATCTCGTATGCCGTCTTCTGCTTG,,Illumina,,1
TruSeq,Stranded_Total_RNA_LT,i19,GTGAAA,,GATCGGAAGAGCACACGTCTGAACTCCAGTCACGTGAAACGATCTCGTATGCCGTCTTCTGCTTG,,Illumina,,1
TruSeq,Stranded_Total_RNA_LT,i20,GTGGCC,,GATCGGAAGAGCACACGTCTGAACTCCAGTCACGTGGCCTTATCTCGTATGCCGTCTTCTGCTTG,,Illumina,,1
TruSeq,Stranded_Total_RNA_LT,i21,GTTTCG,,GATCGGAAGAGCACACGTCTGAACTCCAGTCACGTTTCGGAATCTCGTATGCCGTCTTCTGCTTG,,Illumina,,1
TruSeq,Stranded_Total_RNA_LT,i22,CGTACG,,GATCGGAAGAGCACACGTCTGAACTCCAGTCACCGTACGTAATCTCGTATGCCGTCTTCTGCTTG,,Illumina,,1
TruSeq,Stranded_Total_RNA_LT,i23,GAGTGG,,GATCGGAAGAGCACACGTCTGAACTCCAGTCACGAGTGGATATCTCGTATGCCGTCTTCTGCTTG,,Illumina,,1
TruSeq,Stranded_Total_RNA_LT,i25,ACTGAT,,GATCGGAAGAGCACACGTCTGAACTCCAGTCACACTGATATATCTCGTATGCCGTCTTCTGCTTG,,Illumina,,1
TruSeq,Stranded_Total_RNA_LT,i27,ATTCCT,,GATCGGAAGAGCACACGTCTGAACTCCAGTCACATTCCTTTATCTCGTATGCCGTCTTCTGCTTG,,Illumina,,1
TruSeq,RNA_Access,i1,ATCACG,,GATCGGAAGAGCACACGTCTGAACTCCAGTCACATCACGATCTCGTATGCCGTCTTCTGCTTG,,Illumina,,1
TruSeq,RNA_Access,i2,CCGATGT,,GATCGGAAGAGCACACGTCTGAACTCCAGTCACCGATGTATCTCGTATGCCGTCTTCTGCTTG,,Illumina,,1
TruSeq,RNA_Access,i3,TTAGGC,,GATCGGAAGAGCACACGTCTGAACTCCAGTCACTTAGGCATCTCGTATGCCGTCTTCTGCTTG,,Illumina,,1
TruSeq,RNA_Access,i4,TGACCA,,GATCGGAAGAGCACACGTCTGAACTCCAGTCACTGACCAATCTCGTATGCCGTCTTCTGCTTG,,Illumina,,1
TruSeq,RNA_Access,i5,ACAGTG,,GATCGGAAGAGCACACGTCTGAACTCCAGTCACACAGTGATCTCGTATGCCGTCTTCTGCTTG,,Illumina,,1
TruSeq,RNA_Access,i6,GCCAAT,,GATCGGAAGAGCACACGTCTGAACTCCAGTCACGCCAATATCTCGTATGCCGTCTTCTGCTTG,,Illumina,,1
TruSeq,RNA_Access,i7,CAGATC,,GATCGGAAGAGCACACGTCTGAACTCCAGTCACCAGATCATCTCGTATGCCGTCTTCTGCTTG,,Illumina,,1
TruSeq,RNA_Access,i8,ACTTGA,,GATCGGAAGAGCACACGTCTGAACTCCAGTCACACTTGAATCTCGTATGCCGTCTTCTGCTTG,,Illumina,,1
TruSeq,RNA_Access,i9,GATCAG,,GATCGGAAGAGCACACGTCTGAACTCCAGTCACGATCAGATCTCGTATGCCGTCTTCTGCTTG,,Illumina,,1
TruSeq,RNA_Access,i10,TAGCTT,,GATCGGAAGAGCACACGTCTGAACTCCAGTCACTAGCTTATCTCGTATGCCGTCTTCTGCTTG,,Illumina,,1
TruSeq,RNA_Access,i11,GGCTAC,,GATCGGAAGAGCACACGTCTGAACTCCAGTCACGGCTACATCTCGTATGCCGTCTTCTGCTTG,,Illumina,,1
TruSeq,RNA_Access,i12,CTTGTA,,GATCGGAAGAGCACACGTCTGAACTCCAGTCACCTTGTAATCTCGTATGCCGTCTTCTGCTTG,,Illumina,,1
TruSeq,RNA_Access,i13,AGTCAA,,GATCGGAAGAGCACACGTCTGAACTCCAGTCACAGTCAACAATCTCGTATGCCGTCTTCTGCTTG,,Illumina,,1
TruSeq,RNA_Access,i14,AGTTCC,,GATCGGAAGAGCACACGTCTGAACTCCAGTCACAGTTCCGTATCTCGTATGCCGTCTTCTGCTTG,,Illumina,,1
TruSeq,RNA_Access,i15,ATGTCA,,GATCGGAAGAGCACACGTCTGAACTCCAGTCACATGTCAGAATCTCGTATGCCGTCTTCTGCTTG,,Illumina,,1
TruSeq,RNA_Access,i16,CCGTCC,,GATCGGAAGAGCACACGTCTGAACTCCAGTCACCCGTCCCGATCTCGTATGCCGTCTTCTGCTTG,,Illumina,,1
TruSeq,RNA_Access,i18,GTCCGC,,GATCGGAAGAGCACACGTCTGAACTCCAGTCACGTCCGCACATCTCGTATGCCGTCTTCTGCTTG,,Illumina,,1
TruSeq,RNA_Access,i19,GTGAAA,,GATCGGAAGAGCACACGTCTGAACTCCAGTCACGTGAAACGATCTCGTATGCCGTCTTCTGCTTG,,Illumina,,1
TruSeq,RNA_Access,i20,GTGGCC,,GATCGGAAGAGCACACGTCTGAACTCCAGTCACGTGGCCTTATCTCGTATGCCGTCTTCTGCTTG,,Illumina,,1
TruSeq,RNA_Access,i21,GTTTCG,,GATCGGAAGAGCACACGTCTGAACTCCAGTCACGTTTCGGAATCTCGTATGCCGTCTTCTGCTTG,,Illumina,,1
TruSeq,RNA_Access,i22,CGTACG,,GATCGGAAGAGCACACGTCTGAACTCCAGTCACCGTACGTAATCTCGTATGCCGTCTTCTGCTTG,,Illumina,,1
TruSeq,RNA_Access,i23,GAGTGG,,GATCGGAAGAGCACACGTCTGAACTCCAGTCACGAGTGGATATCTCGTATGCCGTCTTCTGCTTG,,Illumina,,1
TruSeq,RNA_Access,i25,ACTGAT,,GATCGGAAGAGCACACGTCTGAACTCCAGTCACACTGATATATCTCGTATGCCGTCTTCTGCTTG,,Illumina,,1
TruSeq,RNA_Access,i27,ATTCCT,,GATCGGAAGAGCACACGTCTGAACTCCAGTCACATTCCTTTATCTCGTATGCCGTCTTCTGCTTG,,Illumina,,1
TruSeq,ChIP,i1,ATCACG,,GATCGGAAGAGCACACGTCTGAACTCCAGTCACATCACGATCTCGTATGCCGTCTTCTGCTTG,,Illumina,,1
TruSeq,ChIP,i2,CCGATGT,,GATCGGAAGAGCACACGTCTGAACTCCAGTCACCGATGTATCTCGTATGCCGTCTTCTGCTTG,,Illumina,,1
TruSeq,ChIP,i3,TTAGGC,,GATCGGAAGAGCACACGTCTGAACTCCAGTCACTTAGGCATCTCGTATGCCGTCTTCTGCTTG,,Illumina,,1
TruSeq,ChIP,i4,TGACCA,,GATCGGAAGAGCACACGTCTGAACTCCAGTCACTGACCAATCTCGTATGCCGTCTTCTGCTTG,,Illumina,,1
TruSeq,ChIP,i5,ACAGTG,,GATCGGAAGAGCACACGTCTGAACTCCAGTCACACAGTGATCTCGTATGCCGTCTTCTGCTTG,,Illumina,,1
TruSeq,ChIP,i6,GCCAAT,,GATCGGAAGAGCACACGTCTGAACTCCAGTCACGCCAATATCTCGTATGCCGTCTTCTGCTTG,,Illumina,,1
TruSeq,ChIP,i7,CAGATC,,GATCGGAAGAGCACACGTCTGAACTCCAGTCACCAGATCATCTCGTATGCCGTCTTCTGCTTG,,Illumina,,1
TruSeq,ChIP,i8,ACTTGA,,GATCGGAAGAGCACACGTCTGAACTCCAGTCACACTTGAATCTCGTATGCCGTCTTCTGCTTG,,Illumina,,1
TruSeq,ChIP,i9,GATCAG,,GATCGGAAGAGCACACGTCTGAACTCCAGTCACGATCAGATCTCGTATGCCGTCTTCTGCTTG,,Illumina,,1
TruSeq,ChIP,i10,TAGCTT,,GATCGGAAGAGCACACGTCTGAACTCCAGTCACTAGCTTATCTCGTATGCCGTCTTCTGCTTG,,Illumina,,1
TruSeq,ChIP,i11,GGCTAC,,GATCGGAAGAGCACACGTCTGAACTCCAGTCACGGCTACATCTCGTATGCCGTCTTCTGCTTG,,Illumina,,1
TruSeq,ChIP,i12,CTTGTA,,GATCGGAAGAGCACACGTCTGAACTCCAGTCACCTTGTAATCTCGTATGCCGTCTTCTGCTTG,,Illumina,,1
TruSeq,ChIP,i13,AGTCAA,,GATCGGAAGAGCACACGTCTGAACTCCAGTCACAGTCAACAATCTCGTATGCCGTCTTCTGCTTG,,Illumina,,1
TruSeq,ChIP,i14,AGTTCC,,GATCGGAAGAGCACACGTCTGAACTCCAGTCACAGTTCCGTATCTCGTATGCCGTCTTCTGCTTG,,Illumina,,1
TruSeq,ChIP,i15,ATGTCA,,GATCGGAAGAGCACACGTCTGAACTCCAGTCACATGTCAGAATCTCGTATGCCGTCTTCTGCTTG,,Illumina,,1
TruSeq,ChIP,i16,CCGTCC,,GATCGGAAGAGCACACGTCTGAACTCCAGTCACCCGTCCCGATCTCGTATGCCGTCTTCTGCTTG,,Illumina,,1
TruSeq,ChIP,i18,GTCCGC,,GATCGGAAGAGCACACGTCTGAACTCCAGTCACGTCCGCACATCTCGTATGCCGTCTTCTGCTTG,,Illumina,,1
TruSeq,ChIP,i19,GTGAAA,,GATCGGAAGAGCACACGTCTGAACTCCAGTCACGTGAAACGATCTCGTATGCCGTCTTCTGCTTG,,Illumina,,1
TruSeq,ChIP,i20,GTGGCC,,GATCGGAAGAGCACACGTCTGAACTCCAGTCACGTGGCCTTATCTCGTATGCCGTCTTCTGCTTG,,Illumina,,1
TruSeq,ChIP,i21,GTTTCG,,GATCGGAAGAGCACACGTCTGAACTCCAGTCACGTTTCGGAATCTCGTATGCCGTCTTCTGCTTG,,Illumina,,1
TruSeq,ChIP,i22,CGTACG,,GATCGGAAGAGCACACGTCTGAACTCCAGTCACCGTACGTAATCTCGTATGCCGTCTTCTGCTTG,,Illumina,,1
TruSeq,ChIP,i23,GAGTGG,,GATCGGAAGAGCACACGTCTGAACTCCAGTCACGAGTGGATATCTCGTATGCCGTCTTCTGCTTG,,Illumina,,1
TruSeq,ChIP,i25,ACTGAT,,GATCGGAAGAGCACACGTCTGAACTCCAGTCACACTGATATATCTCGTATGCCGTCTTCTGCTTG,,Illumina,,1
TruSeq,ChIP,i27,ATTCCT,,GATCGGAAGAGCACACGTCTGAACTCCAGTCACATTCCTTTATCTCGTATGCCGTCTTCTGCTTG,,Illumina,,1
TruSeq,Ribo_Profile,A001,ATCACG,,,,Illumina,,
TruSeq,Ribo_Profile,A002,CGATGT,,,,Illumina,,
TruSeq,Ribo_Profile,A003,TTAGGC,,,,Illumina,,
TruSeq,Ribo_Profile,A004,TGACCA,,,,Illumina,,
TruSeq,Ribo_Profile,A005,ACAGTG,,,,Illumina,,
TruSeq,Ribo_Profile,A006,GCCAAT,,,,Illumina,,
TruSeq,Ribo_Profile,A007,CAGATC,,,,Illumina,,
TruSeq,Ribo_Profile,A008,ACTTGA,,,,Illumina,,
TruSeq,Ribo_Profile,A009,GATCAG,,,,Illumina,,
TruSeq,Ribo_Profile,A010,TAGCTT,,,,Illumina,,
TruSeq,Ribo_Profile,A011,GGCTAC,,,,Illumina,,
TruSeq,Ribo_Profile,A012,CTTGTA,,,,Illumina,,
TruSeq,Long_Reads,long_reads_adapter,CCGGTTCTTCCCTGCCGAACCCTATCTTCGTCGGCAGCGTCAGATGTGTATAAGAGACAGTACGCTTGCAT,,,,Illumina,,
TruSeq,Small_RNA,RA5,GUUCAGAGUUCUACAGUCCGACGAUC,,,,Illumina,,
TruSeq,Small_RNA,RA3,TGGAATTCTCGGGTGCCAAGG,,,,Illumina,,
TruSeq,Small_RNA,STP,GAAUUCCACCACGUUCCCGUGG,,,,Illumina,,
TruSeq,Small_RNA,RTP,GCCTTGGCACCCGAGAATTCCA,,,,Illumina,,
TruSeq,Small_RNA,RP1,AATGATACGGCGACCACCGAGATCTACACGTTCAGAGTTCTACAGTCCGA,,,,Illumina,,
TruSeq,RNA_PCR_Index_Primer,RPI1,CGTGAT,,,,Illumina,,
TruSeq,RNA_PCR_Index_Primer,RPI2,ACATCG,,,,Illumina,,
TruSeq,RNA_PCR_Index_Primer,RPI3,GCCTAA,,,,Illumina,,
TruSeq,RNA_PCR_Index_Primer,RPI4,TGGTCA,,,,Illumina,,
TruSeq,RNA_PCR_Index_Primer,RPI5,CACTGT,,,,Illumina,,
TruSeq,RNA_PCR_Index_Primer,RPI6,ATTGGC,,,,Illumina,,
TruSeq,RNA_PCR_Index_Primer,RPI7,GATCTG,,,,Illumina,,
TruSeq,RNA_PCR_Index_Primer,RPI8,TCAAGT,,,,Illumina,,
TruSeq,RNA_PCR_Index_Primer,RPI9,CTGATC,,,,Illumina,,
TruSeq,RNA_PCR_Index_Primer,RPI10,AAGCTA,,,,Illumina,,
TruSeq,RNA_PCR_Index_Primer,RPI11,GTAGCC,,,,Illumina,,
TruSeq,RNA_PCR_Index_Primer,RPI12,TACAAG,,,,Illumina,,
TruSeq,RNA_PCR_Index_Primer,RPI13,TTGACT,,,,Illumina,,
TruSeq,RNA_PCR_Index_Primer,RPI14,GGAACT,,,,Illumina,,
TruSeq,RNA_PCR_Index_Primer,RPI15,TGACAT,,,,Illumina,,
TruSeq,RNA_PCR_Index_Primer,RPI16,GGACGG,,,,Illumina,,
TruSeq,RNA_PCR_Index_Primer,RPI17,CTCTAC,,,,Illumina,,
TruSeq,RNA_PCR_Index_Primer,RPI18,GCGGAC,,,,Illumina,,
TruSeq,RNA_PCR_Index_Primer,RPI19,TTTCAC,,,,Illumina,,
TruSeq,RNA_PCR_Index_Primer,RPI20,GGCCAC,,,,Illumina,,
TruSeq,RNA_PCR_Index_Primer,RPI21,CGAAAC,,,,Illumina,,
TruSeq,RNA_PCR_Index_Primer,RPI22,CGTACG,,,,Illumina,,
TruSeq,RNA_PCR_Index_Primer,RPI23,CCACTC,,,,Illumina,,
TruSeq,RNA_PCR_Index_Primer,RPI24,GCTACC,,,,Illumina,,
TruSeq,RNA_PCR_Index_Primer,RPI25,ATCAGT,,,,Illumina,,
TruSeq,RNA_PCR_Index_Primer,RPI26,GCTCAT,,,,Illumina,,
TruSeq,RNA_PCR_Index_Primer,RPI27,AGGAAT,,,,Illumina,,
TruSeq,RNA_PCR_Index_Primer,RPI28,CTTTTG,,,,Illumina,,
TruSeq,RNA_PCR_Index_Primer,RPI29,TAGTTG,,,,Illumina,,
TruSeq,RNA_PCR_Index_Primer,RPI30,CCGGTG,,,,Illumina,,
TruSeq,RNA_PCR_Index_Primer,RPI31,ATCGTG,,,,Illumina,,
TruSeq,RNA_PCR_Index_Primer,RPI32,TGAGTG,,,,Illumina,,
TruSeq,RNA_PCR_Index_Primer,RPI33,CGCCTG,,,,Illumina,,
TruSeq,RNA_PCR_Index_Primer,RPI34,GCCATG,,,,Illumina,,
TruSeq,RNA_PCR_Index_Primer,RPI35,AAAATG,,,,Illumina,,
TruSeq,RNA_PCR_Index_Primer,RPI36,TGTTGG,,,,Illumina,,
TruSeq,RNA_PCR_Index_Primer,RPI37,ATTCCG,,,,Illumina,,
TruSeq,RNA_PCR_Index_Primer,RPI38,AGCTAG,,,,Illumina,,
TruSeq,RNA_PCR_Index_Primer,RPI39,GTATAG,,,,Illumina,,
TruSeq,RNA_PCR_Index_Primer,RPI40,TTCTGAG,,,,Illumina,,
TruSeq,RNA_PCR_Index_Primer,RPI41,GTCGTC,,,,Illumina,,
TruSeq,RNA_PCR_Index_Primer,RPI42,CGATTA,,,,Illumina,,
TruSeq,RNA_PCR_Index_Primer,RPI43,GCTGTA,,,,Illumina,,
TruSeq,RNA_PCR_Index_Primer,RPI44,ATTATA,,,,Illumina,,
TruSeq,RNA_PCR_Index_Primer,RPI45,GAATGA,,,,Illumina,,
TruSeq,RNA_PCR_Index_Primer,RPI46,TTCGGGA,,,,Illumina,,
TruSeq,RNA_PCR_Index_Primer,RPI47,CTTCGA,,,,Illumina,,
TruSeq,RNA_PCR_Index_Primer,RPI48,TGCCGA,,,,Illumina,,
TruSeq,Targeted_RNA_Expression,R701,ATCACG,i7,,,Illumina,,
TruSeq,Targeted_RNA_Expression,R702,CGATGT,i7,,,Illumina,,
TruSeq,Targeted_RNA_Expression,R703,TTAGGC,i7,,,Illumina,,
TruSeq,Targeted_RNA_Expression,R704,TGACCA,i7,,,Illumina,,
TruSeq,Targeted_RNA_Expression,R705,ACAGTG,i7,,,Illumina,,
TruSeq,Targeted_RNA_Expression,R706,GCCAAT,i7,,,Illumina,,
TruSeq,Targeted_RNA_Expression,R707,CAGATC,i7,,,Illumina,,
TruSeq,Targeted_RNA_Expression,R708,ACTTGA,i7,,,Illumina,,
TruSeq,Targeted_RNA_Expression,R709,GATCAG,i7,,,Illumina,,
TruSeq,Targeted_RNA_Expression,R710,TAGCTT,i7,,,Illumina,,
TruSeq,Targeted_RNA_Expression,R711,GGCTAC,i7,,,Illumina,,
TruSeq,Targeted_RNA_Expression,R712,CTTGTA,i7,,,Illumina,,
TruSeq,Targeted_RNA_Expression,R713,AGTCAA,i7,,,Illumina,,
TruSeq,Targeted_RNA_Expression,R714,AGTTCC,i7,,,Illumina,,
TruSeq,Targeted_RNA_Expression,R715,ATGTCA,i7,,,Illumina,,
TruSeq,Targeted_RNA_Expression,R716,CCGTCC,i7,,,Illumina,,
TruSeq,Targeted_RNA_Expression,R717,GTAGAG,i7,,,Illumina,,
TruSeq,Targeted_RNA_Expression,R718,GTCCGC,i7,,,Illumina,,
TruSeq,Targeted_RNA_Expression,R719,GTGAAA,i7,,,Illumina,,
TruSeq,Targeted_RNA_Expression,R720,GTGGCC,i7,,,Illumina,,
TruSeq,Targeted_RNA_Expression,R721,GTTTCG,i7,,,Illumina,,
TruSeq,Targeted_RNA_Expression,R722,CGTACG,i7,,,Illumina,,
TruSeq,Targeted_RNA_Expression,R723,GAGTGG,i7,,,Illumina,,
TruSeq,Targeted_RNA_Expression,R724,GGTAGC,i7,,,Illumina,,
TruSeq,Targeted_RNA_Expression,R725,ACTGAT,i7,,,Illumina,,
TruSeq,Targeted_RNA_Expression,R726,ATGAGC,i7,,,Illumina,,
TruSeq,Targeted_RNA_Expression,R727,ATTCCT,i7,,,Illumina,,
TruSeq,Targeted_RNA_Expression,R728,CAAAAG,i7,,,Illumina,,
TruSeq,Targeted_RNA_Expression,R729,CAACTA,i7,,,Illumina,,
TruSeq,Targeted_RNA_Expression,R730,CACCGG,i7,,,Illumina,,
TruSeq,Targeted_RNA_Expression,R731,CACGAT,i7,,,Illumina,,
TruSeq,Targeted_RNA_Expression,R732,CACTCA,i7,,,Illumina,,
TruSeq,Targeted_RNA_Expression,R733,CAGGCG,i7,,,Illumina,,
TruSeq,Targeted_RNA_Expression,R734,CATGGC,i7,,,Illumina,,
TruSeq,Targeted_RNA_Expression,R735,CATTTT,i7,,,Illumina,,
TruSeq,Targeted_RNA_Expression,R736,CCAACA,i7,,,Illumina,,
TruSeq,Targeted_RNA_Expression,R737,CGGAAT,i7,,,Illumina,,
TruSeq,Targeted_RNA_Expression,R738,CTAGCT,i7,,,Illumina,,
TruSeq,Targeted_RNA_Expression,R739,CTATAC,i7,,,Illumina,,
TruSeq,Targeted_RNA_Expression,R740,CTCAGA,i7,,,Illumina,,
TruSeq,Targeted_RNA_Expression,R741,GACGAC,i7,,,Illumina,,
TruSeq,Targeted_RNA_Expression,R742,TAATCG,i7,,,Illumina,,
TruSeq,Targeted_RNA_Expression,R743,TACAGC,i7,,,Illumina,,
TruSeq,Targeted_RNA_Expression,R744,TATAAT,i7,,,Illumina,,
TruSeq,Targeted_RNA_Expression,R745,TCATTC,i7,,,Illumina,,
TruSeq,Targeted_RNA_Expression,R746,TCCCGA,i7,,,Illumina,,
TruSeq,Targeted_RNA_Expression,A501,TGAACCTT,i5,,,Illumina,2000/2500,
TruSeq,Targeted_RNA_Expression,A502,TGCTAAGT,i5,,,Illumina,2000/2500,
TruSeq,Targeted_RNA_Expression,A503,TGTTCTCT,i5,,,Illumina,2000/2500,
TruSeq,Targeted_RNA_Expression,A504,TAAGACAC,i5,,,Illumina,2000/2500,
TruSeq,Targeted_RNA_Expression,A505,CTAATCGA,i5,,,Illumina,2000/2500,
TruSeq,Targeted_RNA_Expression,A506,CTAGAACA,i5,,,Illumina,2000/2500,
TruSeq,Targeted_RNA_Expression,A507,TAAGTTCC,i5,,,Illumina,2000/2500,
TruSeq,Targeted_RNA_Expression,A508,TAGACCTA,i5,,,Illumina,2000/2500,
TruSeq,Targeted_RNA_Expression,A501,AAGGTTCA,i5,,,Illumina,3000/4000,
TruSeq,Targeted_RNA_Expression,A502,ACTTAGCA,i5,,,Illumina,3000/4000,
TruSeq,Targeted_RNA_Expression,A503,AGAGAACA,i5,,,Illumina,3000/4000,
TruSeq,Targeted_RNA_Expression,A504,GTGTCTTA,i5,,,Illumina,3000/4000,
TruSeq,Targeted_RNA_Expression,A505,TCGATTAG,i5,,,Illumina,3000/4000,
TruSeq,Targeted_RNA_Expression,A506,TGTTCTAG,i5,,,Illumina,3000/4000,
TruSeq,Targeted_RNA_Expression,A507,GGAACTTA,i5,,,Illumina,3000/4000,
TruSeq,Targeted_RNA_Expression,A508,TAGGTCTA,i5,,,Illumina,3000/4000,
